z_angstrom,rho_Li_1_per_nm3,rho_PF6_1_per_nm3,rho_EC_1_per_nm3,rho_DMC_1_per_nm3,rho_Li_std_1_per_nm3,rho_PF6_std_1_per_nm3,rho_EC_std_1_per_nm3,rho_DMC_std_1_per_nm3,rho_charge_e_per_nm3,rho_charge_std_e_per_nm3,z_cathode_angstrom,z_anode_angstrom
17.625,0.0,0.0,0.0,0.0,0.0,0.0,0.0,0.0,0.0,0.0,16.0,74.0
18.375,0.0,0.0,0.0,0.0,0.0,0.0,0.0,0.0,0.0,0.0,16.0,74.0
19.125,0.0,0.036730945821854905,0.7419651056014691,2.0091827364554633,0.0,0.025972700870029286,0.06441020355096483,0.15561961553215684,-0.036730945821854905,0.025972700870029286,16.0,74.0
19.875,0.018365472910927452,6.4793388429752055,12.150596877869603,10.145087235996325,0.04106644586776472,0.5366050513721468,1.7339866069741856,0.36882149755824006,-6.460973370064278,0.5647793515350653,16.0,74.0
20.625,0.06611570247933883,0.6097337006427914,6.582185491276399,2.7438016528925613,0.1180258513356079,0.23026524178009147,0.47548489564939833,0.4833993425560946,-0.5436179981634526,0.32714263841677654,16.0,74.0
21.375,0.19100091827364551,0.040404040404040394,1.4618916437098253,0.6464646464646463,0.08172119545008992,0.020118367585130064,0.3317497870797627,0.1460026219603437,0.1505968778696051,0.09219394231780445,16.0,74.0
22.125,1.4251606978879703,0.036730945821854905,0.48484848484848475,1.0688705234159777,0.5786727079759919,0.043070851789012196,0.09595849753985769,0.16701476649240998,1.3884297520661155,0.5504435863064421,16.0,74.0
22.875,0.8264462809917353,0.16528925619834708,0.8448117539026628,2.479338842975206,0.12657528697970816,0.13926309355466573,0.189084116455225,0.45303567983632725,0.6611570247933883,0.15420436752751754,16.0,74.0
23.625,0.19834710743801648,0.771349862258953,2.1303948576675844,5.627180899908171,0.13644940768416314,0.25047165651030034,0.405914345368234,0.513839544950995,-0.5730027548209365,0.36045018697071346,16.0,74.0
24.375,0.033057851239669415,1.0798898071625342,2.494031221303948,6.685032139577593,0.03285315669421178,0.23497759561523535,0.6350577648772365,0.7458959960019197,-1.0468319559228647,0.24639867520658837,16.0,74.0
25.125,0.09182736455463726,0.5325987144168961,2.1377410468319553,7.537190082644626,0.07572278467617373,0.21417637813940493,0.6387911725468534,0.7134933043825752,-0.44077134986225885,0.2165257322782662,16.0,74.0
25.875,0.3452708907254361,0.21303948576675846,1.4655647382920107,4.932966023875114,0.08653237090460786,0.0718369411041614,0.32734877746585,0.3733660442695919,0.13223140495867766,0.03763801934236767,16.0,74.0
26.625,0.6354453627180898,0.12488521579430668,1.2304866850321394,3.0560146923783282,0.23896296318566257,0.05096211910197101,0.11095542675477103,0.5720778483417466,0.5105601469237832,0.2067237732268901,16.0,74.0
27.375,0.5583103764921945,0.2387511478420569,1.4802571166207528,2.8576675849403115,0.13470795828020016,0.08614170357802439,0.2236519511973685,0.6640331280590446,0.3195592286501377,0.18979630020589622,16.0,74.0
28.125,0.37098255280073456,0.5252525252525252,1.5610651974288334,3.6877869605142326,0.19839811608163668,0.16661037179124663,0.2362659381132893,0.7268180860903476,-0.1542699724517906,0.17257682219773746,16.0,74.0
28.875,0.2901744719926537,0.5325987144168961,1.6455463728190998,4.495867768595041,0.12278798641283215,0.09454205822761245,0.2592720880305719,0.6194638893485518,-0.24242424242424238,0.07616691038871522,16.0,74.0
29.625,0.3011937557392102,0.569329660238751,1.2929292929292926,4.5215794306703385,0.15616052649756704,0.13179706239125183,0.2625042258858753,0.42626100414754203,-0.26813590449954083,0.1180258513356079,16.0,74.0
30.375,0.32690541781450866,0.5656565656565655,1.2268135904499538,3.7832874196510553,0.12000961801803149,0.21668145019287602,0.1801314943653146,0.28892805734714905,-0.2387511478420569,0.10629785952975412,16.0,74.0
31.125,0.4187327823691459,0.4775022956841138,1.1129476584022036,3.085399449035812,0.31420527880246757,0.1503278745982084,0.18845874795027073,0.345788253145321,-0.058769513314967846,0.23208900891715878,16.0,74.0
31.875,0.5142332415059687,0.27915518824609725,1.1643709825528006,2.629935720844811,0.1982280362251873,0.11276460189538107,0.2576408142038593,0.4844100196216698,0.23507805325987138,0.1992463376325512,16.0,74.0
32.625,0.32323232323232315,0.25344352617079885,1.318640955004591,2.523415977961432,0.14954051780218386,0.1326897474247085,0.09127473748238142,0.2817170159227962,0.06978879706152431,0.18291863504850292,16.0,74.0
33.375,0.25711662075298436,0.2754820936639118,1.333333333333333,2.8099173553719003,0.16832233957597206,0.06228034878902907,0.1788159624556559,0.47856066926704804,-0.018365472910927452,0.18227211424498813,16.0,74.0
34.125,0.202020202020202,0.29752066115702475,1.2268135904499538,2.7805325987144163,0.13243530855698765,0.17100612447360555,0.28433880438573594,0.46326882665736435,-0.09550045913682276,0.12000961801803149,16.0,74.0
34.875,0.22773186409550042,0.29752066115702475,1.3223140495867767,2.7438016528925613,0.09418462005478848,0.11276460189538107,0.2886360632782683,0.5735499259345541,-0.06978879706152431,0.1388993234247128,16.0,74.0
35.625,0.26813590449954083,0.1542699724517906,1.31129476584022,2.629935720844811,0.17208751919371865,0.11065102171821535,0.5932076179686073,0.38772466815946066,0.11386593204775021,0.1897074234507508,16.0,74.0
36.375,0.33792470156106513,0.08448117539026628,1.1496786042240585,2.350780532598714,0.15066405364182686,0.12292525642373926,0.3240348164917433,0.4114849679046478,0.25344352617079885,0.19496833097653202,16.0,74.0
37.125,0.35629017447199257,0.058769513314967846,1.1864095500459135,2.5564738292011016,0.16457349360675735,0.12140675027392768,0.37963702578503966,0.09838821109993648,0.29752066115702475,0.22657367145331325,16.0,74.0
37.875,0.22038567493112943,0.06978879706152431,1.0872359963269052,2.4132231404958673,0.062280348789029084,0.1460026219603437,0.30300247527846225,0.20310253518382726,0.1505968778696051,0.19147712057268487,16.0,74.0
38.625,0.16896235078053257,0.04775022956841138,1.2341597796143249,2.4058769513314964,0.14010821761440329,0.10677275925618829,0.26847532512917743,0.20615192213630534,0.12121212121212119,0.1645734936067574,16.0,74.0
39.375,0.09550045913682276,0.11753902662993569,1.2194674012855828,2.1634527089072537,0.03981539648976822,0.1556196155321569,0.1691219751437478,0.5944571949560825,-0.02203856749311294,0.17001706976724504,16.0,74.0
40.125,0.12855831037649218,0.16161616161616157,1.168044077134986,1.917355371900826,0.10059183792565032,0.133323720204823,0.42984623771015273,0.26186098986428014,-0.033057851239669415,0.12140675027392768,16.0,74.0
40.875,0.12488521579430668,0.2644628099173553,1.168044077134986,1.9871441689623504,0.12415385697818598,0.1321803799114533,0.34422403476299873,0.35763192491131185,-0.13957759412304863,0.05291041429159938,16.0,74.0
41.625,0.1542699724517906,0.3599632690541781,1.2231404958677683,1.7851239669421484,0.13345015334864974,0.06697734629498792,0.3910164022431836,0.36968926031474386,-0.20569329660238747,0.1544229422191214,16.0,74.0
42.375,0.2240587695133149,0.2901744719926537,1.1202938475665747,1.781450872359963,0.0845609875718739,0.19669069951133572,0.27973454934302694,0.5961003624285576,-0.06611570247933883,0.2136244778489674,16.0,74.0
43.125,0.33792470156106513,0.14325068870523414,1.0909090909090906,2.027548209366391,0.12630853159999555,0.10661469438898064,0.24898596628220124,0.6293491447461356,0.194674012855831,0.18069236181816478,16.0,74.0
43.875,0.35261707988980706,0.14325068870523414,1.0468319559228647,2.02020202020202,0.07505166847273664,0.11859602784913084,0.20818703487152673,0.5368564180805679,0.20936639118457295,0.13345015334864976,16.0,74.0
44.625,0.2607897153351698,0.2240587695133149,1.0174471992653809,2.0459136822773183,0.05865461679585422,0.15979016884595926,0.3327649356797556,0.2931580523670877,0.036730945821854905,0.16528925619834708,16.0,74.0
45.375,0.16528925619834708,0.3085399449035812,1.2084481175390265,1.796143250688705,0.04682295237458938,0.18383829210273198,0.22282094968746524,0.4650491690877179,-0.14325068870523414,0.15926158595907283,16.0,74.0
46.125,0.1579430670339761,0.404040404040404,1.0798898071625342,1.932047750229568,0.09507569590850161,0.17805986620445652,0.0875014086286251,0.5632843535410502,-0.24609733700642786,0.24999989459666674,16.0,74.0
46.875,0.20936639118457295,0.33057851239669417,1.0027548209366388,1.8218549127640034,0.1371889762863772,0.17080877169640285,0.2732076293353772,0.5659725066655951,-0.12121212121212119,0.2573133184388375,16.0,74.0
47.625,0.29384756657483924,0.28282828282828276,1.1864095500459135,1.8255280073461888,0.07682828526483704,0.04228049378593695,0.23966766233623243,0.668084309562612,0.01101928374655647,0.0932850328683217,16.0,74.0
48.375,0.41138659320477494,0.32690541781450866,0.966023875114784,1.7887970615243338,0.23754729336279184,0.035326692491591094,0.2656970485047825,0.6532792589388672,0.08448117539026628,0.2469456207746058,16.0,74.0
49.125,0.4591368227731863,0.3856749311294765,1.0982552800734617,1.895316804407713,0.16630643045247778,0.10225462557998202,0.19147712057268484,0.572784917741296,0.07346189164370981,0.24502596995640646,16.0,74.0
49.875,0.3856749311294765,0.5583103764921945,1.0137741046831954,2.089990817263544,0.1751954456229468,0.13089828966909428,0.2115619578010535,0.3842292200463518,-0.17263544536271805,0.17061119063351463,16.0,74.0
50.625,0.44077134986225885,0.5289256198347106,0.8448117539026628,2.0348943985307617,0.14166435831534901,0.1665091196568321,0.148067176277292,0.18657006573664345,-0.08815426997245177,0.2123576054297485,16.0,74.0
51.375,0.4481175390266298,0.5325987144168961,0.786042240587695,1.8769513314967856,0.1897963002058962,0.06871730737876842,0.2247051448181125,0.5315527552691565,-0.08448117539026628,0.22923759451430556,16.0,74.0
52.125,0.36363636363636354,0.4664830119375573,0.6538108356290173,1.8402203856749308,0.18881635500422222,0.1236093198932146,0.18666043632355425,0.3550288656460756,-0.10284664830119374,0.1236093198932146,16.0,74.0
52.875,0.28282828282828276,0.38200183654729103,0.8337924701561064,1.9871441689623504,0.15830568917913643,0.09665893382509287,0.1208498356390237,0.1326897474247085,-0.09917355371900824,0.16961983308016623,16.0,74.0
53.625,0.17263544536271805,0.41505968778696045,0.9256198347107436,2.1450872359963267,0.11365839079350448,0.08274659560013818,0.12292525642373929,0.19323061065289449,-0.24242424242424238,0.06797706344654451,16.0,74.0
54.375,0.18732782369146,0.5472910927456381,0.7676767676767675,2.560146923783287,0.0975274053065326,0.1936665025008494,0.16852260417931256,0.26853813372171514,-0.3599632690541781,0.15936744279093945,16.0,74.0
55.125,0.47015610651974277,0.5105601469237832,0.8227731864095499,2.4058769513314964,0.1972044767022386,0.23924509192994767,0.21823251831056664,0.47484604127999613,-0.040404040404040394,0.3662519211249921,16.0,74.0
55.875,0.6538108356290173,0.33057851239669417,0.7125803489439851,2.6519742883379243,0.10109354596527373,0.09975005042424438,0.1171653840788729,0.4865290738905978,0.32323232323232315,0.14726773330930726,16.0,74.0
56.625,0.5950413223140495,0.19100091827364551,0.6244260789715333,2.3617998163452705,0.060355102755390216,0.07856473695576652,0.19218043651475067,0.22365195119736855,0.404040404040404,0.08515719463265109,16.0,74.0
57.375,0.4297520661157024,0.22038567493112943,0.6648301193755738,2.795224977043158,0.17739563843589712,0.059510933869677304,0.10340266857858031,0.2990810356043677,0.20936639118457295,0.19024006115817899,16.0,74.0
58.125,0.3048668503213957,0.24609733700642786,0.9990817263544535,3.07070707070707,0.14726773330930726,0.056007165039400925,0.2707272545313618,0.31312996668612275,0.058769513314967846,0.11350991471340637,16.0,74.0
58.875,0.13957759412304863,0.37098255280073456,1.1129476584022036,3.1698806244260784,0.060355102755390196,0.14010821761440329,0.15010333694547326,0.4806002492942845,-0.2314049586776859,0.11513262089004575,16.0,74.0
59.625,0.13590449954086314,0.2754820936639118,1.146005509641873,3.1037649219467394,0.04228049378593696,0.14166435831534901,0.14840847640651547,0.21378230903255854,-0.13957759412304863,0.17500281725725023,16.0,74.0
60.375,0.1542699724517906,0.1505968778696051,0.9954086317722679,3.5078053259871433,0.07638800493327977,0.10175864225671306,0.08750140862862515,0.486425073944868,0.0036730945821854904,0.1705123142469812,16.0,74.0
61.125,0.20569329660238747,0.040404040404040394,0.9256198347107436,2.986225895316804,0.07726605681528972,0.04927973504131766,0.2063971951821678,0.45351935457990966,0.16528925619834708,0.10629785952975411,16.0,74.0
61.875,0.33792470156106513,0.01101928374655647,1.0615243342516067,3.1845730027548202,0.09507569590850162,0.01642657834710589,0.203848476407884,0.3367949334237199,0.32690541781450866,0.10973274010130142,16.0,74.0
62.625,0.38200183654729103,0.018365472910927452,1.355371900826446,4.11386593204775,0.14999094206865318,0.025972700870029286,0.2115619578010535,0.5064676669655709,0.36363636363636354,0.16188724239514424,16.0,74.0
63.375,0.24242424242424238,0.17263544536271805,1.557392102846648,5.094582185491276,0.10661469438898065,0.10911625915528335,0.16902222758264146,0.6399781010334438,0.06978879706152431,0.1460026219603437,16.0,74.0
64.125,0.09182736455463726,0.9292929292929291,1.5757575757575755,5.763085399449035,0.0861417035780244,0.36583727009700584,0.3392396661603324,0.7423150580763345,-0.8374655647382918,0.36398866165179045,16.0,74.0
64.875,0.09182736455463726,0.6978879706152432,1.8108356290174468,5.7447199265381075,0.07682828526483704,0.23626593811328936,0.3145271555597092,1.0153798119306154,-0.606060606060606,0.295278883210533,16.0,74.0
65.625,0.4334251606978879,0.5509641873278236,1.8292011019283743,3.952249770431588,0.1598956757368515,0.13681969169652283,0.34860550980398486,0.9222503423809483,-0.11753902662993569,0.24796789210020403,16.0,74.0
66.375,1.7557392102846645,0.6831955922865013,1.1129476584022036,2.637281910009182,0.5685293109597942,0.18059900486963482,0.46217543635157093,0.3555510021033626,1.0725436179981633,0.4341405125316402,16.0,74.0
67.125,1.9283746556473824,0.33057851239669417,0.606060606060606,1.8034894398530759,0.5778561146942982,0.14166435831534904,0.17031438926530218,0.4655928109002972,1.5977961432506884,0.4736013575106566,16.0,74.0
67.875,3.1037649219467394,0.10651974288337923,0.48852157943067026,4.646464646464645,1.0283844910252793,0.07160179500318796,0.11586270189595962,0.7546622887531443,2.99724517906336,1.0238977625384362,16.0,74.0
68.625,1.1202938475665747,0.0771349862258953,3.03030303030303,15.037649219467399,0.3734563711232829,0.07834978515225542,0.4029955602845121,2.8201437992818783,1.0431588613406793,0.3826899220701804,16.0,74.0
69.375,0.194674012855831,0.14692378328741962,15.12580348943985,5.131313131313131,0.20557848035196646,0.28921975662118676,2.908177129676656,0.502220974394713,0.04775022956841138,0.20721267522598102,16.0,74.0
70.125,0.09182736455463726,0.1579430670339761,1.2341597796143249,4.393021120293847,0.15691466933549184,0.32325319241420447,0.5046997696916118,0.773685736831173,-0.06611570247933883,0.1686226472894476,16.0,74.0
70.875,0.28282828282828276,0.0,0.24609733700642786,1.5904499540863173,0.5180886562101042,0.0,0.3733660442695918,0.8361434959488941,0.28282828282828276,0.5180886562101042,16.0,74.0
71.625,0.3930211202938475,0.0,0.0,0.0,0.808873473820505,0.0,0.0,0.0,0.3930211202938475,0.808873473820505,16.0,74.0
72.375,0.040404040404040394,0.0,0.0,0.0,0.06414783910586952,0.0,0.0,0.0,0.040404040404040394,0.06414783910586952,16.0,74.0
