#"Step","Potential Energy (kJ/mole)","Kinetic Energy (kJ/mole)","Total Energy (kJ/mole)","Temperature (K)"
500,11070372712.935194,66.22065399440766,11070372779.155848,265.4838002792304
1000,11070372729.805735,55.41062551178667,11070372785.21636,222.14554748977133
1500,11070372703.437618,75.64188266007348,11070372779.0795,303.25424557975265
2000,11070372715.798252,88.02634910243292,11070372803.824602,352.9045437454254
2500,11070372710.114048,70.3787143956301,11070372780.492762,282.15379084139465
3000,11070372698.623236,81.50461069156636,11070372780.127846,326.7583824905078
3500,11070372704.220707,64.48909099101942,11070372768.709799,258.5418282684852
4000,11070372696.811436,70.12703335768254,11070372766.938469,281.1447818029429
4500,11070372705.676247,59.69114033228447,11070372765.367388,239.30646743165676
5000,11070372703.618225,82.41998868844303,11070372786.038214,330.42820473846285
5500,11070372717.165455,113.4230916349451,11070372830.588547,454.72207823872554
6000,11070372709.05244,96.9867170010996,11070372806.039158,388.8273620528215
6500,11070372696.071617,73.10263545342232,11070372769.174253,293.07420419376604
7000,11070372688.820757,83.90253552250226,11070372772.723293,336.37185137824423
7500,11070372701.814724,63.72403463502192,11070372765.53876,255.4746572792776
8000,11070372702.740591,71.38612574222928,11070372774.126717,286.1925820131362
8500,11070372701.050184,63.736402680880346,11070372764.786587,255.52424174603328
9000,11070372698.347706,64.14711037394731,11070372762.494816,257.17080112867757
9500,11070372708.520761,71.60226712686264,11070372780.123028,287.0591097915379
10000,11070372707.404509,75.77088526159328,11070372783.175394,303.7714271361335
10500,11070372694.280458,79.27479926179782,11070372773.555258,317.8188934251928
11000,11070372713.310873,86.95687759101314,11070372800.26775,348.6169485011067
11500,11070372677.788511,69.05841390546789,11070372746.846926,276.8606025308655
12000,11070372678.246172,85.2984730366935,11070372763.544645,341.96827445571984
12500,11070372680.865934,65.48549348294132,11070372746.351427,262.5364840776147
13000,11070372714.902401,64.73616897985366,11070372779.63857,259.5323833216956
13500,11070372706.88921,72.11565401095316,11070372779.004864,289.11731811145836
14000,11070372705.700817,74.47573621546512,11070372780.176554,298.57907293916105
14500,11070372688.632065,84.90577523213256,11070372773.53784,340.3939181298981
15000,11070372691.430233,60.81840195141488,11070372752.248634,243.82574775439312
15500,11070372690.674501,61.82537334655737,11070372752.499874,247.862775126208
16000,11070372696.29053,65.43692313649406,11070372761.727453,262.3417617458663
16500,11070372742.19525,55.263120472045244,11070372797.45837,221.55418820609228
17000,11070372709.87485,75.89991589423617,11070372785.774765,304.2887210714873
17500,11070372698.776886,82.02363202925183,11070372780.800518,328.83917977720307
18000,11070372696.9478,64.72547290852116,11070372761.673273,259.4895019320668
18500,11070372702.602926,75.99881808299118,11070372778.601744,304.6852277101688
19000,11070372687.075918,70.02030609026268,11070372757.096224,280.7169038096142
19500,11070372706.23131,81.61373481136854,11070372787.845045,327.19586965319365
20000,11070372719.559402,61.7883854379074,11070372781.347788,247.71448769682678
20500,11070372694.308218,89.21181423093398,11070372783.520033,357.65716650628707
21000,11070372710.249557,71.58473460100412,11070372781.834291,286.9888205190428
21500,11070372699.812551,77.10050108792205,11070372776.913054,309.10196136062154
22000,11070372702.53842,74.83831182999548,11070372777.376732,300.0326670405154
22500,11070372682.532967,81.11591988698854,11070372763.648886,325.2000905421736
23000,11070372680.502924,70.82423796202777,11070372751.327162,283.93992979331733
23500,11070372709.4396,67.6577138707485,11070372777.097313,271.2450861347278
24000,11070372698.054932,77.15989803234207,11070372775.21483,309.34008837354617
24500,11070372704.348566,62.83374499504519,11070372767.18231,251.90541622360618
25000,11070372686.801079,73.04913496306956,11070372759.850214,292.8597165280772
25500,11070372701.979155,63.66689400758824,11070372765.64605,255.24557601827536
26000,11070372715.58341,98.73265154493717,11070372814.316061,395.8269506974146
26500,11070372709.908337,55.66414879186276,11070372765.572485,223.16194222153493
27000,11070372692.782543,73.8821038264047,11070372766.664646,296.19915409042983
27500,11070372703.506794,82.76122168280378,11070372786.268015,331.79623460013113
28000,11070372702.872923,98.66871336546107,11070372801.541636,395.5706175166568
28500,11070372731.513792,85.27729470676778,11070372816.791086,341.8833688685186
29000,11070372726.890635,79.1513100751157,11070372806.041945,317.3238155817072
29500,11070372712.943033,95.51681078851522,11070372808.459845,382.9343926568396
30000,11070372696.82049,99.38889276934381,11070372796.209383,398.45787328193154
30500,11070372708.274527,69.51442021867726,11070372777.788946,278.68876763766684
31000,11070372699.880089,82.45207325247597,11070372782.332163,330.5568342743549
31500,11070372681.65498,103.92731188181004,11070372785.58229,416.65275177617264
32000,11070372707.217627,81.80553040830203,11070372789.023157,327.9647932575275
32500,11070372708.53108,94.77873611497428,11070372803.309816,379.975393350701
33000,11070372724.021738,84.848224181853,11070372808.869963,340.16319145148793
33500,11070372723.315851,72.92222196048853,11070372796.238073,292.35091233787836
34000,11070372720.682396,80.49428900802371,11070372801.176685,322.7079235494943
34500,11070372697.992634,80.08710744914642,11070372778.07974,321.075500715623
35000,11070372724.744503,57.065714357327955,11070372781.810217,228.78092859837793
35500,11070372694.525951,76.80972879145665,11070372771.33568,307.9362323980524
36000,11070372693.020693,50.7854714409162,11070372743.806164,203.6029417384699
36500,11070372681.394703,56.523800136256966,11070372737.918503,226.60835194506618
37000,11070372674.145487,77.61241116652354,11070372751.757898,311.1542490514052
37500,11070372679.696884,75.83429153607828,11070372755.531176,304.02562786802673
38000,11070372674.426594,73.21934738116755,11070372747.64594,293.5421114741493
38500,11070372679.475742,59.95433309905233,11070372739.430075,240.36162789463611
39000,11070372699.099094,67.38373763934194,11070372766.482832,270.14669391549455
39500,11070372734.795414,66.59315260211713,11070372801.388567,266.9771764392089
40000,11070372698.588171,81.4730919550411,11070372780.061262,326.63202140151236
40500,11070372708.188738,71.66513505856733,11070372779.853872,287.3111522649641
41000,11070372711.951555,79.86824879910091,11070372791.819803,320.19807920687475
41500,11070372711.751326,95.14136897385504,11070372806.892694,381.42921694914975
42000,11070372730.909239,61.74423080159946,11070372792.65347,247.5374682936664
42500,11070372699.032831,101.33482729522748,11070372800.367659,406.2592775548309
43000,11070372708.466158,59.98329731607563,11070372768.449455,240.47774771441482
43500,11070372701.109777,60.21768253662094,11070372761.32746,241.4174164631546
44000,11070372696.248915,70.53819149934077,11070372766.787106,282.7931470693504
44500,11070372701.61756,80.33560342565414,11070372781.953163,322.07174059273046
45000,11070372729.043722,71.81920726373748,11070372800.86293,287.9288398303788
45500,11070372716.554148,71.03439315361408,11070372787.588541,284.7824584538687
46000,11070372699.945763,93.53496038283329,11070372793.480722,374.98899880238133
46500,11070372698.522333,71.12124364775815,11070372769.643578,285.1306489027798
47000,11070372695.66814,61.589942945280775,11070372757.258083,246.91891616586832
47500,11070372701.621157,72.5522470450321,11070372774.173403,290.8676538582558
48000,11070372706.758451,72.30159553163529,11070372779.060047,289.8627722645472
48500,11070372709.563972,70.70990355281656,11070372780.273876,283.48155417137565
49000,11070372714.717949,75.24778513541554,11070372789.965734,301.67427766618204
49500,11070372701.032566,87.90580215842932,11070372788.938368,352.4212615838082
50000,11070372711.966478,60.78847829299473,11070372772.754957,243.70578145873694
50500,11070372709.426907,65.17561252045505,11070372774.60252,261.29414697291037
51000,11070372689.96762,83.75637894279059,11070372773.723999,335.78589817668046
51500,11070372699.709745,65.84669427820327,11070372765.55644,263.98456642059676
52000,11070372681.03421,78.37271432302227,11070372759.406925,314.2023640906892
52500,11070372682.940315,67.53292177266036,11070372750.473236,270.74478481713504
53000,11070372690.183672,58.13672322172814,11070372748.320395,233.07468721147944
53500,11070372695.408607,83.5106427290211,11070372778.91925,334.80072240503586
54000,11070372713.661049,50.27034269606082,11070372763.93139,201.53775016200458
54500,11070372687.698248,78.76103142990354,11070372766.45928,315.75915785562216
55000,11070372697.834133,103.62562423860251,11070372801.459757,415.443262331644
55500,11070372731.434395,78.71004731605738,11070372810.144442,315.55475854088735
56000,11070372729.907871,100.74416719218686,11070372830.652039,403.8912748340818
56500,11070372705.537357,114.43575865638068,11070372819.973116,458.7819398234643
57000,11070372732.791924,80.36988396385603,11070372813.161808,322.2091739614529
57500,11070372724.406113,78.30530578646237,11070372802.711418,313.93211797595444
58000,11070372718.99935,80.00397173566958,11070372799.00332,320.7422031140224
58500,11070372739.26666,67.13999729929746,11070372806.406658,269.1695197582924
59000,11070372694.452084,88.80167737301251,11070372783.253761,356.0128956465524
59500,11070372696.315258,63.64968944880707,11070372759.964947,255.17660159153925
60000,11070372693.498045,72.4417182067335,11070372765.939764,290.42453506884544
60500,11070372707.166733,57.11093456758116,11070372764.277668,228.96221997113392
61000,11070372675.144524,91.16339645810872,11070372766.30792,365.4812128570149
61500,11070372711.294888,56.45289432771375,11070372767.747782,226.32408499240947
62000,11070372706.450108,66.88955751781505,11070372773.339664,268.1654870144499
62500,11070372707.367645,81.89900630307713,11070372789.266651,328.3395454576717
63000,11070372696.402256,69.53291066044737,11070372765.935167,278.7628972702492
63500,11070372696.096523,67.76448352383557,11070372763.861008,271.6731340555237
64000,11070372717.475765,54.53030319519612,11070372772.00607,218.61626621600422
64500,11070372686.802238,51.00213903434739,11070372737.804377,204.47157912925022
65000,11070372672.273653,93.78514610062541,11070372766.0588,375.9920129849452
65500,11070372671.128235,77.57815031064263,11070372748.706385,311.0168945906526
66000,11070372679.027758,79.43560060796023,11070372758.463358,318.4635586450926
66500,11070372667.197052,75.22037129629877,11070372742.417423,301.56437343313746
67000,11070372697.75379,66.32594747346174,11070372764.079737,265.9059301024463
67500,11070372700.046175,80.80170835486963,11070372780.847883,323.94039184385616
68000,11070372705.549812,59.776362749611096,11070372765.326176,239.64813079280034
68500,11070372731.455511,68.93445811698561,11070372800.389969,276.363654044134
69000,11070372706.70489,75.54035231855674,11070372782.245241,302.8472024703357
69500,11070372710.864553,68.92057024724089,11070372779.785124,276.30797648410993
70000,11070372702.525526,59.851313554718715,11070372762.376839,239.9486144542217
70500,11070372698.68743,86.18521650059196,11070372784.872646,345.5232986131136
71000,11070372730.749031,68.64130414289343,11070372799.390335,275.1883767489941
71500,11070372701.341124,68.22204280829712,11070372769.563166,273.50752514598554
72000,11070372707.441612,73.7215516168535,11070372781.163164,295.555487678762
72500,11070372696.170956,53.76654370831521,11070372749.9375,215.5542944768912
73000,11070372689.503633,58.37903704871567,11070372747.882671,234.04614236585297
73500,11070372691.45791,72.86891204911211,11070372764.326822,292.1371887182663
74000,11070372704.287445,61.60368760784114,11070372765.891132,246.97401959704843
74500,11070372701.316883,71.92907410806978,11070372773.245956,288.3693046340108
75000,11070372692.597263,80.66936158418729,11070372773.266624,323.4098032507806
75500,11070372702.530287,93.13192574838016,11070372795.662212,373.3732013140659
76000,11070372716.697258,76.36819469113762,11070372793.065453,306.1660875288177
76500,11070372724.015406,123.64025616291944,11070372847.655663,495.6834928933415
77000,11070372692.667845,98.54875930698108,11070372791.216604,395.08971227964605
77500,11070372732.060987,64.8874456241823,11070372796.948433,260.1388632642412
78000,11070372718.089054,79.14969662484232,11070372797.23875,317.317347132903
78500,11070372708.07956,81.68280835027076,11070372789.762367,327.4727908930238
79000,11070372701.714098,97.63057441813874,11070372799.344673,391.4086369814557
79500,11070372698.238707,89.627924538065,11070372787.86663,359.3253853928271
80000,11070372698.526756,58.03823523784694,11070372756.564991,232.67984115265273
80500,11070372694.942684,49.74453849620748,11070372744.687223,199.42975984841402
81000,11070372678.86337,79.68974961150148,11070372758.55312,319.4824619513482
81500,11070372709.621765,56.783069254052954,11070372766.404835,227.64778219130528
82000,11070372688.375477,83.48938904538822,11070372771.864866,334.71551471890723
82500,11070372699.553144,64.6653489964175,11070372764.218493,259.24846044863045
83000,11070372716.574816,75.0322363382471,11070372791.607052,300.81012561744626
83500,11070372690.99429,60.47974745794594,11070372751.474037,242.4680553052161
84000,11070372711.880398,60.73630932967415,11070372772.616707,243.4966319894468
84500,11070372717.47597,63.2026870737185,11070372780.678656,253.38453397948612
85000,11070372710.99919,78.67060856541202,11070372789.669798,315.396645493552
85500,11070372706.017254,81.4041147441795,11070372787.42137,326.35548634835885
86000,11070372714.467655,84.76640020131178,11070372799.234055,339.8351526901992
86500,11070372718.231499,76.71746097756997,11070372794.94896,307.56632348902593
87000,11070372707.380705,84.53631597823033,11070372791.91702,338.91272697792647
87500,11070372688.740305,85.9954901064401,11070372774.735796,344.76267060516665
88000,11070372713.45309,62.538913928239545,11070372775.992004,250.72341533212372
88500,11070372719.621666,72.79077202553418,11070372792.412437,291.8239192296393
89000,11070372732.302725,88.63985015585637,11070372820.942575,355.3641176293064
89500,11070372691.67792,102.05939972751203,11070372793.73732,409.1641453158275
90000,11070372681.809614,63.97204075319598,11070372745.781654,256.4689332758709
90500,11070372695.937521,71.62271857421611,11070372767.56024,287.1411012494456
91000,11070372726.677532,49.06016790667832,11070372775.7377,196.68606443092565
91500,11070372717.951527,75.80592033680632,11070372793.757446,303.91188550296596
92000,11070372707.044987,93.12098647119372,11070372800.165974,373.32934489307667
92500,11070372711.96829,74.96544623854923,11070372786.933737,300.54235886463954
93000,11070372709.467653,97.1430526075246,11070372806.610706,389.4541237715471
93500,11070372712.027296,85.23626715622086,11070372797.263563,341.71888619765485
94000,11070372718.416113,88.72384001303367,11070372807.139954,355.7008395600537
94500,11070372708.675444,96.58699709200513,11070372805.262442,387.2248535586797
95000,11070372697.248991,90.91674683557304,11070372788.165737,364.4923751579227
95500,11070372696.662682,91.1479426463026,11070372787.810625,365.4192573123379
96000,11070372698.56541,87.67361041892258,11070372786.239021,351.4903866727434
96500,11070372691.773018,78.53869602314819,11070372770.311714,314.86779775629384
97000,11070372701.84415,66.74889543127993,11070372768.593046,267.60156166735646
97500,11070372690.442875,56.63324007057408,11070372747.076115,227.0471052329342
98000,11070372704.94856,63.55649040755035,11070372768.50505,254.80295931888358
98500,11070372697.130806,62.164013208911044,11070372759.294819,249.2204089180954
99000,11070372687.713348,68.27421621380986,11070372755.987564,273.7166924243728
99500,11070372694.375992,75.50199422416554,11070372769.877987,302.6934218587563
100000,11070372703.247194,81.44963996732024,11070372784.696835,326.538000541725
