z_angstrom,number_density_per_A3,number_density_per_nm3
0.389613,0.0000000000e+00,0.0000000000e+00
1.168838,0.0000000000e+00,0.0000000000e+00
1.948063,0.0000000000e+00,0.0000000000e+00
2.727288,0.0000000000e+00,0.0000000000e+00
3.506513,0.0000000000e+00,0.0000000000e+00
4.285738,0.0000000000e+00,0.0000000000e+00
5.064963,0.0000000000e+00,0.0000000000e+00
5.844188,0.0000000000e+00,0.0000000000e+00
6.623413,0.0000000000e+00,0.0000000000e+00
7.402638,0.0000000000e+00,0.0000000000e+00
8.181863,0.0000000000e+00,0.0000000000e+00
8.961088,0.0000000000e+00,0.0000000000e+00
9.740313,0.0000000000e+00,0.0000000000e+00
10.519538,0.0000000000e+00,0.0000000000e+00
11.298763,0.0000000000e+00,0.0000000000e+00
12.077988,0.0000000000e+00,0.0000000000e+00
12.857213,0.0000000000e+00,0.0000000000e+00
13.636438,0.0000000000e+00,0.0000000000e+00
14.415663,0.0000000000e+00,0.0000000000e+00
15.194888,0.0000000000e+00,0.0000000000e+00
15.974113,0.0000000000e+00,0.0000000000e+00
16.753338,0.0000000000e+00,0.0000000000e+00
17.532563,0.0000000000e+00,0.0000000000e+00
18.311788,0.0000000000e+00,0.0000000000e+00
19.091013,0.0000000000e+00,0.0000000000e+00
19.870238,0.0000000000e+00,0.0000000000e+00
20.649463,0.0000000000e+00,0.0000000000e+00
21.428688,0.0000000000e+00,0.0000000000e+00
22.207913,0.0000000000e+00,0.0000000000e+00
22.987138,0.0000000000e+00,0.0000000000e+00
23.766363,0.0000000000e+00,0.0000000000e+00
24.545588,0.0000000000e+00,0.0000000000e+00
25.324814,0.0000000000e+00,0.0000000000e+00
26.104039,0.0000000000e+00,0.0000000000e+00
26.883264,0.0000000000e+00,0.0000000000e+00
27.662489,0.0000000000e+00,0.0000000000e+00
28.441714,0.0000000000e+00,0.0000000000e+00
29.220939,0.0000000000e+00,0.0000000000e+00
30.000164,0.0000000000e+00,0.0000000000e+00
30.779389,0.0000000000e+00,0.0000000000e+00
31.558614,0.0000000000e+00,0.0000000000e+00
32.337839,0.0000000000e+00,0.0000000000e+00
33.117064,0.0000000000e+00,0.0000000000e+00
33.896289,0.0000000000e+00,0.0000000000e+00
34.675514,0.0000000000e+00,0.0000000000e+00
35.454739,0.0000000000e+00,0.0000000000e+00
36.233964,0.0000000000e+00,0.0000000000e+00
37.013189,0.0000000000e+00,0.0000000000e+00
37.792414,0.0000000000e+00,0.0000000000e+00
38.571639,0.0000000000e+00,0.0000000000e+00
39.350864,0.0000000000e+00,0.0000000000e+00
40.130089,0.0000000000e+00,0.0000000000e+00
40.909314,0.0000000000e+00,0.0000000000e+00
41.688539,0.0000000000e+00,0.0000000000e+00
42.467764,0.0000000000e+00,0.0000000000e+00
43.246989,0.0000000000e+00,0.0000000000e+00
44.026214,0.0000000000e+00,0.0000000000e+00
44.805439,0.0000000000e+00,0.0000000000e+00
45.584664,0.0000000000e+00,0.0000000000e+00
46.363889,0.0000000000e+00,0.0000000000e+00
47.143114,0.0000000000e+00,0.0000000000e+00
47.922339,0.0000000000e+00,0.0000000000e+00
48.701564,0.0000000000e+00,0.0000000000e+00
49.480790,0.0000000000e+00,0.0000000000e+00
50.260015,0.0000000000e+00,0.0000000000e+00
51.039240,0.0000000000e+00,0.0000000000e+00
51.818465,0.0000000000e+00,0.0000000000e+00
52.597690,0.0000000000e+00,0.0000000000e+00
53.376915,0.0000000000e+00,0.0000000000e+00
54.156140,0.0000000000e+00,0.0000000000e+00
54.935365,0.0000000000e+00,0.0000000000e+00
55.714590,0.0000000000e+00,0.0000000000e+00
56.493815,0.0000000000e+00,0.0000000000e+00
57.273040,0.0000000000e+00,0.0000000000e+00
58.052265,0.0000000000e+00,0.0000000000e+00
58.831490,0.0000000000e+00,0.0000000000e+00
59.610715,0.0000000000e+00,0.0000000000e+00
60.389940,0.0000000000e+00,0.0000000000e+00
61.169165,0.0000000000e+00,0.0000000000e+00
61.948390,0.0000000000e+00,0.0000000000e+00
62.727615,0.0000000000e+00,0.0000000000e+00
63.506840,0.0000000000e+00,0.0000000000e+00
64.286065,0.0000000000e+00,0.0000000000e+00
65.065290,0.0000000000e+00,0.0000000000e+00
65.844515,0.0000000000e+00,0.0000000000e+00
66.623740,0.0000000000e+00,0.0000000000e+00
67.402965,0.0000000000e+00,0.0000000000e+00
68.182190,0.0000000000e+00,0.0000000000e+00
68.961415,0.0000000000e+00,0.0000000000e+00
69.740640,0.0000000000e+00,0.0000000000e+00
70.519865,0.0000000000e+00,0.0000000000e+00
71.299090,0.0000000000e+00,0.0000000000e+00
72.078315,0.0000000000e+00,0.0000000000e+00
72.857540,0.0000000000e+00,0.0000000000e+00
73.636765,0.0000000000e+00,0.0000000000e+00
74.415991,0.0000000000e+00,0.0000000000e+00
75.195216,3.3939208729e-04,3.3939208729e-01
75.974441,3.6399801361e-02,3.6399801361e+01
76.753666,1.2222357543e-01,1.2222357543e+02
77.532891,1.0911455606e-01,1.0911455606e+02
78.312116,8.2345005178e-02,8.2345005178e+01
79.091341,6.0199671482e-02,6.0199671482e+01
79.870566,7.4072323050e-02,7.4072323050e+01
80.649791,1.0092672196e-01,1.0092672196e+02
81.429016,9.4860088396e-02,9.4860088396e+01
82.208241,8.4593477756e-02,8.4593477756e+01
82.987466,7.8866236283e-02,7.8866236283e+01
83.766691,8.2429853199e-02,8.2429853199e+01
84.545916,8.9641935054e-02,8.9641935054e+01
85.325141,8.6757102312e-02,8.6757102312e+01
86.104366,8.5611654018e-02,8.5611654018e+01
86.883591,8.4975293854e-02,8.4975293854e+01
87.662816,8.3575301494e-02,8.3575301494e+01
88.442041,8.7011646378e-02,8.7011646378e+01
89.221266,8.8284366705e-02,8.8284366705e+01
90.000491,8.4296509679e-02,8.4296509679e+01
90.779716,8.4508629734e-02,8.4508629734e+01
91.558941,8.3872269570e-02,8.3872269570e+01
92.338166,8.5526805996e-02,8.5526805996e+01
93.117391,8.7308614454e-02,8.7308614454e+01
93.896616,8.5908622094e-02,8.5908622094e+01
94.675841,8.5738926050e-02,8.5738926050e+01
95.455066,8.3575301494e-02,8.3575301494e+01
96.234291,8.2472277210e-02,8.2472277210e+01
97.013516,8.4720749789e-02,8.4720749789e+01
97.792741,8.8114670661e-02,8.8114670661e+01
98.571966,8.5993470116e-02,8.5993470116e+01
99.351192,8.4890445832e-02,8.4890445832e+01
100.130417,7.9841988534e-02,7.9841988534e+01
100.909642,8.5272261930e-02,8.5272261930e+01
101.688867,9.0278295218e-02,9.0278295218e+01
102.468092,9.2229799720e-02,9.2229799720e+01
103.247317,8.4169237647e-02,8.4169237647e+01
104.026542,7.3987475028e-02,7.3987475028e+01
104.805767,8.3320757428e-02,8.3320757428e+01
105.584992,9.7108560974e-02,9.7108560974e+01
106.364217,9.9484305585e-02,9.9484305585e+01
107.143442,7.5260195355e-02,7.5260195355e+01
107.922667,5.9478463297e-02,5.9478463297e+01
108.701892,7.8399572163e-02,7.8399572163e+01
109.481117,1.0678123546e-01,1.0678123546e+02
110.260342,1.2820536097e-01,1.2820536097e+02
111.039567,3.6654345427e-02,3.6654345427e+01
111.818792,1.6969604364e-04,1.6969604364e-01
112.598017,0.0000000000e+00,0.0000000000e+00
113.377242,0.0000000000e+00,0.0000000000e+00
114.156467,0.0000000000e+00,0.0000000000e+00
114.935692,0.0000000000e+00,0.0000000000e+00
115.714917,0.0000000000e+00,0.0000000000e+00
116.494142,0.0000000000e+00,0.0000000000e+00
117.273367,0.0000000000e+00,0.0000000000e+00
118.052592,0.0000000000e+00,0.0000000000e+00
118.831817,0.0000000000e+00,0.0000000000e+00
119.611042,0.0000000000e+00,0.0000000000e+00
120.390267,0.0000000000e+00,0.0000000000e+00
121.169492,0.0000000000e+00,0.0000000000e+00
121.948717,0.0000000000e+00,0.0000000000e+00
122.727942,0.0000000000e+00,0.0000000000e+00
123.507167,0.0000000000e+00,0.0000000000e+00
124.286393,0.0000000000e+00,0.0000000000e+00
125.065618,0.0000000000e+00,0.0000000000e+00
125.844843,0.0000000000e+00,0.0000000000e+00
126.624068,0.0000000000e+00,0.0000000000e+00
127.403293,0.0000000000e+00,0.0000000000e+00
128.182518,0.0000000000e+00,0.0000000000e+00
128.961743,0.0000000000e+00,0.0000000000e+00
129.740968,0.0000000000e+00,0.0000000000e+00
130.520193,0.0000000000e+00,0.0000000000e+00
131.299418,0.0000000000e+00,0.0000000000e+00
132.078643,0.0000000000e+00,0.0000000000e+00
132.857868,0.0000000000e+00,0.0000000000e+00
133.637093,0.0000000000e+00,0.0000000000e+00
134.416318,0.0000000000e+00,0.0000000000e+00
135.195543,0.0000000000e+00,0.0000000000e+00
135.974768,0.0000000000e+00,0.0000000000e+00
136.753993,0.0000000000e+00,0.0000000000e+00
137.533218,0.0000000000e+00,0.0000000000e+00
138.312443,0.0000000000e+00,0.0000000000e+00
139.091668,0.0000000000e+00,0.0000000000e+00
139.870893,0.0000000000e+00,0.0000000000e+00
140.650118,0.0000000000e+00,0.0000000000e+00
141.429343,0.0000000000e+00,0.0000000000e+00
142.208568,0.0000000000e+00,0.0000000000e+00
142.987793,0.0000000000e+00,0.0000000000e+00
143.767018,0.0000000000e+00,0.0000000000e+00
144.546243,0.0000000000e+00,0.0000000000e+00
145.325468,0.0000000000e+00,0.0000000000e+00
146.104693,0.0000000000e+00,0.0000000000e+00
146.883918,0.0000000000e+00,0.0000000000e+00
147.663143,0.0000000000e+00,0.0000000000e+00
148.442369,0.0000000000e+00,0.0000000000e+00
149.221594,0.0000000000e+00,0.0000000000e+00
150.000819,0.0000000000e+00,0.0000000000e+00
150.780044,0.0000000000e+00,0.0000000000e+00
151.559269,0.0000000000e+00,0.0000000000e+00
152.338494,0.0000000000e+00,0.0000000000e+00
153.117719,0.0000000000e+00,0.0000000000e+00
153.896944,0.0000000000e+00,0.0000000000e+00
154.676169,0.0000000000e+00,0.0000000000e+00
155.455394,0.0000000000e+00,0.0000000000e+00
156.234619,0.0000000000e+00,0.0000000000e+00
157.013844,0.0000000000e+00,0.0000000000e+00
157.793069,0.0000000000e+00,0.0000000000e+00
158.572294,0.0000000000e+00,0.0000000000e+00
159.351519,0.0000000000e+00,0.0000000000e+00
160.130744,0.0000000000e+00,0.0000000000e+00
160.909969,0.0000000000e+00,0.0000000000e+00
161.689194,0.0000000000e+00,0.0000000000e+00
162.468419,0.0000000000e+00,0.0000000000e+00
163.247644,0.0000000000e+00,0.0000000000e+00
164.026869,0.0000000000e+00,0.0000000000e+00
164.806094,0.0000000000e+00,0.0000000000e+00
165.585319,0.0000000000e+00,0.0000000000e+00
166.364544,0.0000000000e+00,0.0000000000e+00
167.143769,0.0000000000e+00,0.0000000000e+00
167.922994,0.0000000000e+00,0.0000000000e+00
168.702219,0.0000000000e+00,0.0000000000e+00
169.481444,0.0000000000e+00,0.0000000000e+00
170.260669,0.0000000000e+00,0.0000000000e+00
171.039894,0.0000000000e+00,0.0000000000e+00
171.819119,0.0000000000e+00,0.0000000000e+00
172.598344,0.0000000000e+00,0.0000000000e+00
173.377570,0.0000000000e+00,0.0000000000e+00
174.156795,0.0000000000e+00,0.0000000000e+00
174.936020,0.0000000000e+00,0.0000000000e+00
175.715245,0.0000000000e+00,0.0000000000e+00
176.494470,0.0000000000e+00,0.0000000000e+00
177.273695,0.0000000000e+00,0.0000000000e+00
178.052920,0.0000000000e+00,0.0000000000e+00
178.832145,0.0000000000e+00,0.0000000000e+00
179.611370,0.0000000000e+00,0.0000000000e+00
180.390595,0.0000000000e+00,0.0000000000e+00
181.169820,0.0000000000e+00,0.0000000000e+00
181.949045,0.0000000000e+00,0.0000000000e+00
182.728270,0.0000000000e+00,0.0000000000e+00
183.507495,0.0000000000e+00,0.0000000000e+00
184.286720,0.0000000000e+00,0.0000000000e+00
185.065945,0.0000000000e+00,0.0000000000e+00
185.845170,0.0000000000e+00,0.0000000000e+00
186.624395,0.0000000000e+00,0.0000000000e+00
