z_A,LiA_molCOM,PF6_molCOM,EC_Oc(O00),DMC_Oc(O01)
0.123697,0.0000000000e+00,0.0000000000e+00,0.0000000000e+00,0.0000000000e+00
0.371091,0.0000000000e+00,0.0000000000e+00,0.0000000000e+00,0.0000000000e+00
0.618486,0.0000000000e+00,0.0000000000e+00,0.0000000000e+00,0.0000000000e+00
0.865880,0.0000000000e+00,0.0000000000e+00,0.0000000000e+00,0.0000000000e+00
1.113274,0.0000000000e+00,0.0000000000e+00,0.0000000000e+00,0.0000000000e+00
1.360669,0.0000000000e+00,0.0000000000e+00,0.0000000000e+00,0.0000000000e+00
1.608063,0.0000000000e+00,0.0000000000e+00,0.0000000000e+00,0.0000000000e+00
1.855457,0.0000000000e+00,0.0000000000e+00,0.0000000000e+00,0.0000000000e+00
2.102852,0.0000000000e+00,0.0000000000e+00,0.0000000000e+00,0.0000000000e+00
2.350246,0.0000000000e+00,0.0000000000e+00,0.0000000000e+00,0.0000000000e+00
2.597640,0.0000000000e+00,0.0000000000e+00,0.0000000000e+00,0.0000000000e+00
2.845035,0.0000000000e+00,0.0000000000e+00,0.0000000000e+00,0.0000000000e+00
3.092429,0.0000000000e+00,0.0000000000e+00,0.0000000000e+00,0.0000000000e+00
3.339823,0.0000000000e+00,0.0000000000e+00,0.0000000000e+00,0.0000000000e+00
3.587218,0.0000000000e+00,0.0000000000e+00,0.0000000000e+00,0.0000000000e+00
3.834612,0.0000000000e+00,0.0000000000e+00,0.0000000000e+00,0.0000000000e+00
4.082006,0.0000000000e+00,0.0000000000e+00,0.0000000000e+00,0.0000000000e+00
4.329401,0.0000000000e+00,0.0000000000e+00,0.0000000000e+00,0.0000000000e+00
4.576795,0.0000000000e+00,0.0000000000e+00,0.0000000000e+00,0.0000000000e+00
4.824189,0.0000000000e+00,0.0000000000e+00,0.0000000000e+00,0.0000000000e+00
5.071584,0.0000000000e+00,0.0000000000e+00,0.0000000000e+00,0.0000000000e+00
5.318978,0.0000000000e+00,0.0000000000e+00,0.0000000000e+00,0.0000000000e+00
5.566372,0.0000000000e+00,0.0000000000e+00,0.0000000000e+00,0.0000000000e+00
5.813767,0.0000000000e+00,0.0000000000e+00,0.0000000000e+00,0.0000000000e+00
6.061161,0.0000000000e+00,0.0000000000e+00,0.0000000000e+00,0.0000000000e+00
6.308555,0.0000000000e+00,0.0000000000e+00,0.0000000000e+00,0.0000000000e+00
6.555950,0.0000000000e+00,0.0000000000e+00,0.0000000000e+00,0.0000000000e+00
6.803344,0.0000000000e+00,0.0000000000e+00,0.0000000000e+00,0.0000000000e+00
7.050738,0.0000000000e+00,0.0000000000e+00,0.0000000000e+00,0.0000000000e+00
7.298133,0.0000000000e+00,0.0000000000e+00,0.0000000000e+00,0.0000000000e+00
7.545527,0.0000000000e+00,0.0000000000e+00,0.0000000000e+00,0.0000000000e+00
7.792921,0.0000000000e+00,0.0000000000e+00,0.0000000000e+00,0.0000000000e+00
8.040316,0.0000000000e+00,0.0000000000e+00,0.0000000000e+00,0.0000000000e+00
8.287710,0.0000000000e+00,0.0000000000e+00,0.0000000000e+00,0.0000000000e+00
8.535104,0.0000000000e+00,0.0000000000e+00,0.0000000000e+00,0.0000000000e+00
8.782499,0.0000000000e+00,0.0000000000e+00,0.0000000000e+00,0.0000000000e+00
9.029893,0.0000000000e+00,0.0000000000e+00,0.0000000000e+00,0.0000000000e+00
9.277287,0.0000000000e+00,0.0000000000e+00,0.0000000000e+00,0.0000000000e+00
9.524682,0.0000000000e+00,0.0000000000e+00,0.0000000000e+00,0.0000000000e+00
9.772076,0.0000000000e+00,0.0000000000e+00,0.0000000000e+00,0.0000000000e+00
10.019470,0.0000000000e+00,0.0000000000e+00,0.0000000000e+00,0.0000000000e+00
10.266865,0.0000000000e+00,0.0000000000e+00,0.0000000000e+00,0.0000000000e+00
10.514259,0.0000000000e+00,0.0000000000e+00,0.0000000000e+00,0.0000000000e+00
10.761653,0.0000000000e+00,0.0000000000e+00,0.0000000000e+00,0.0000000000e+00
11.009048,0.0000000000e+00,0.0000000000e+00,0.0000000000e+00,0.0000000000e+00
11.256442,0.0000000000e+00,0.0000000000e+00,0.0000000000e+00,0.0000000000e+00
11.503836,0.0000000000e+00,0.0000000000e+00,0.0000000000e+00,0.0000000000e+00
11.751231,0.0000000000e+00,0.0000000000e+00,0.0000000000e+00,0.0000000000e+00
11.998625,0.0000000000e+00,0.0000000000e+00,0.0000000000e+00,0.0000000000e+00
12.246019,0.0000000000e+00,0.0000000000e+00,0.0000000000e+00,0.0000000000e+00
12.493414,0.0000000000e+00,0.0000000000e+00,0.0000000000e+00,0.0000000000e+00
12.740808,0.0000000000e+00,0.0000000000e+00,0.0000000000e+00,0.0000000000e+00
12.988202,0.0000000000e+00,0.0000000000e+00,0.0000000000e+00,0.0000000000e+00
13.235597,0.0000000000e+00,0.0000000000e+00,0.0000000000e+00,0.0000000000e+00
13.482991,0.0000000000e+00,0.0000000000e+00,0.0000000000e+00,0.0000000000e+00
13.730385,0.0000000000e+00,0.0000000000e+00,1.7034791720e-05,0.0000000000e+00
13.977780,0.0000000000e+00,0.0000000000e+00,6.7831765752e-05,0.0000000000e+00
14.225174,0.0000000000e+00,0.0000000000e+00,2.2545799296e-04,0.0000000000e+00
14.472568,0.0000000000e+00,0.0000000000e+00,6.5144391936e-04,5.0932687550e-05
14.719963,0.0000000000e+00,0.0000000000e+00,1.5504518798e-03,4.3413096899e-04
14.967357,0.0000000000e+00,0.0000000000e+00,2.4612394778e-03,1.4992735236e-03
15.214751,0.0000000000e+00,1.3815233518e-05,3.3547002980e-03,3.4536223855e-03
15.462146,0.0000000000e+00,1.4131705463e-05,3.8225524750e-03,4.6296764731e-03
15.709540,0.0000000000e+00,1.1418523952e-04,3.6196725773e-03,5.0570187788e-03
15.956934,0.0000000000e+00,3.5983538037e-04,3.0032370768e-03,4.6113132167e-03
16.204329,0.0000000000e+00,7.2306729868e-04,2.4000598985e-03,4.9893883804e-03
16.451723,5.6649738162e-06,9.7116100995e-04,2.0972556157e-03,5.5693759153e-03
16.699117,1.7033195990e-05,9.1761785257e-04,1.9816443719e-03,5.7397420531e-03
16.946512,5.0353631701e-05,8.2191941511e-04,1.7777883042e-03,5.2071148785e-03
17.193906,9.5865617305e-05,8.7664661841e-04,1.6871053810e-03,4.7047938870e-03
17.441300,1.4657328768e-04,6.5804660292e-04,1.5813233610e-03,4.2389551330e-03
17.688695,1.8281209318e-04,6.3601527180e-04,1.6603186309e-03,4.1793568076e-03
17.936089,3.5529093016e-04,5.6422979414e-04,1.4722724078e-03,3.8315538195e-03
18.183483,4.2266553699e-04,5.3886396746e-04,1.5500953058e-03,3.4449482142e-03
18.430878,5.1378759485e-04,5.1629376624e-04,1.8825360133e-03,3.5521244950e-03
18.678272,5.8265823761e-04,5.9023605807e-04,1.8566408877e-03,3.2958917126e-03
18.925666,5.3574439458e-04,4.9139434293e-04,1.9132188553e-03,3.7425340824e-03
19.173061,7.3587966646e-04,5.2876176688e-04,2.3837377338e-03,3.5973647791e-03
19.420455,9.0098696888e-04,6.8962032195e-04,2.3950564318e-03,3.8500674185e-03
19.667849,9.2256172451e-04,7.7015468909e-04,2.8439091549e-03,4.1726478365e-03
19.915244,9.8349963148e-04,9.2370189994e-04,2.8985824954e-03,4.4235272039e-03
20.162638,9.6239456907e-04,1.0306671104e-03,2.9475492085e-03,4.5108971494e-03
20.410032,9.3864946124e-04,9.1574256906e-04,2.8481299600e-03,4.4385539646e-03
20.657427,9.0329810488e-04,7.6571155061e-04,3.0359832320e-03,4.8111010893e-03
20.904821,8.7420078099e-04,6.6154135467e-04,2.8247918404e-03,4.7881018650e-03
21.152215,9.4429938487e-04,7.2849748646e-04,2.8225833342e-03,4.5713216131e-03
21.399610,9.6538391308e-04,7.6600879147e-04,3.0153612403e-03,4.8460846397e-03
21.647004,1.0778885137e-03,6.3903269391e-04,2.9450813743e-03,5.0249631583e-03
21.894398,1.0262826477e-03,7.2684914378e-04,2.9356542910e-03,4.5981667424e-03
22.141793,9.2079498923e-04,6.9011041386e-04,3.1069951397e-03,4.5577470193e-03
22.389187,6.8636819917e-04,6.3340935545e-04,3.0412951235e-03,4.5197625182e-03
22.636581,5.0016821824e-04,5.6996520414e-04,3.1274552901e-03,3.9032919525e-03
22.883976,3.8648120323e-04,5.4646345910e-04,3.0725127468e-03,4.0635850013e-03
23.131370,2.5127715896e-04,5.5706787086e-04,3.1773376597e-03,4.1239111654e-03
23.378764,2.6628293471e-04,6.2495128210e-04,2.9692054709e-03,4.3223893638e-03
23.626159,2.3948227065e-04,6.0324256291e-04,2.7642727334e-03,4.2636095741e-03
23.873553,3.3270918093e-04,6.1948835627e-04,2.8510678654e-03,3.9868602368e-03
24.120947,4.8889048037e-04,5.2979722383e-04,2.5427579167e-03,3.9332606795e-03
24.368342,6.4559746283e-04,4.4889771336e-04,2.5383569961e-03,4.2904861487e-03
24.615736,8.1127112097e-04,3.1348123630e-04,2.6223831738e-03,4.5245362146e-03
24.863130,8.7675546100e-04,2.3493721562e-04,2.5111917959e-03,4.5664204347e-03
25.110525,8.5517184823e-04,1.5475521777e-04,2.6271475744e-03,4.7321880748e-03
25.357919,9.6393535158e-04,1.0908163618e-04,2.7819975691e-03,4.5262386212e-03
25.605313,9.2759334923e-04,1.4523680984e-04,2.7473712156e-03,4.9851303885e-03
25.852708,8.1167158403e-04,1.4083920096e-04,2.8726847656e-03,4.9013205898e-03
26.100102,7.0861475720e-04,3.9226344499e-04,2.7694060862e-03,5.0866762175e-03
26.347496,5.0212090892e-04,4.2838468560e-04,2.7665743609e-03,5.0808308383e-03
26.594891,4.8762900247e-04,4.5265056841e-04,2.8648671634e-03,4.9472440236e-03
26.842285,4.6034923758e-04,6.3761858956e-04,2.6285541955e-03,4.9478765300e-03
27.089679,5.7669999526e-04,6.8731635006e-04,3.0545593068e-03,4.6767709306e-03
27.337074,6.3129409045e-04,1.0016769201e-03,2.6668009666e-03,4.5478374457e-03
27.584468,6.7216560123e-04,1.2184273894e-03,2.3065151440e-03,5.1414711675e-03
27.831862,5.8137980991e-04,1.4834314119e-03,2.1290123114e-03,5.0893555026e-03
28.079257,6.3045457232e-04,1.3782979965e-03,1.8855637254e-03,5.0893497044e-03
28.326651,5.0657264488e-04,1.2611532085e-03,1.7937690654e-03,4.5849989183e-03
28.574045,5.9496388258e-04,1.0812714414e-03,1.6557188408e-03,5.1624365346e-03
28.821440,6.9646921610e-04,7.6267379676e-04,1.4806688976e-03,4.6977991117e-03
29.068834,7.4523948651e-04,6.5884894449e-04,1.4109834525e-03,4.5487830336e-03
29.316228,1.1201381979e-03,7.0679571416e-04,1.5732709641e-03,4.7630279906e-03
29.563623,1.1630066185e-03,6.5389060189e-04,1.6739774818e-03,4.8568121728e-03
29.811017,1.0318026018e-03,6.7313709817e-04,1.7659921883e-03,5.1343657072e-03
30.058411,9.0579327030e-04,7.4633392848e-04,1.9688036585e-03,5.2258749928e-03
30.305806,7.5889568452e-04,6.6903495093e-04,1.8591704925e-03,4.9792949648e-03
30.553200,7.0357405560e-04,6.3139908198e-04,2.0322737534e-03,5.2445859882e-03
30.800594,7.3967457036e-04,6.6595395780e-04,1.9353653100e-03,5.5750402473e-03
31.047989,5.7373843841e-04,6.3934223213e-04,2.2166806754e-03,5.4605364819e-03
31.295383,6.6770713957e-04,6.4250410232e-04,1.9251774663e-03,5.9653277967e-03
31.542777,6.2862776610e-04,4.7516544754e-04,1.8122268637e-03,5.5071272567e-03
31.790172,6.3103224497e-04,4.5691763904e-04,1.7355561222e-03,5.6679677336e-03
32.037566,5.5781115543e-04,3.2648681915e-04,1.4653186322e-03,5.5389896206e-03
32.284960,6.4380537355e-04,2.9814949179e-04,1.6553146429e-03,5.3148486234e-03
32.532355,5.8375399108e-04,3.1931858451e-04,1.6963885361e-03,5.2796060937e-03
32.779749,6.2428836176e-04,3.8333507502e-04,1.4353685816e-03,5.3196677587e-03
33.027143,6.2320012868e-04,4.7904013365e-04,1.6415585169e-03,4.9411544062e-03
33.274538,5.7297822012e-04,6.3399558521e-04,1.5565126141e-03,4.6979927034e-03
33.521932,5.1243557709e-04,8.5526130569e-04,1.6388517380e-03,4.8534821635e-03
33.769326,3.9439586165e-04,1.2536581570e-03,1.5791911692e-03,4.7135281082e-03
34.016721,3.8881677277e-04,1.4941816715e-03,1.6630711188e-03,4.7975848207e-03
34.264115,3.9995885864e-04,1.3792101821e-03,1.6261541647e-03,4.7256197654e-03
34.511509,4.5135278872e-04,1.0734132827e-03,1.8707358738e-03,5.3479756781e-03
34.758904,3.7265177494e-04,1.0634597236e-03,1.7992914970e-03,5.6803764806e-03
35.006298,2.9214343642e-04,7.9772299471e-04,1.6870223913e-03,5.7018153967e-03
35.253692,2.9685134520e-04,5.5688294725e-04,1.7861603965e-03,5.2627067594e-03
35.501087,2.6897355585e-04,5.6014001674e-04,1.9251839000e-03,5.3707424032e-03
35.748481,2.4942899201e-04,3.2056233019e-04,1.7677544597e-03,5.4897014110e-03
35.995875,3.7088114309e-04,3.6062683202e-04,1.9277690806e-03,5.1173604634e-03
36.243270,3.7633230131e-04,3.1309501433e-04,1.8923157620e-03,4.8029163546e-03
36.490664,3.6704503045e-04,3.2949237753e-04,2.1461388675e-03,5.2348967011e-03
36.738058,3.0865579947e-04,2.8703490595e-04,2.0012201392e-03,5.2225087650e-03
36.985453,2.4228307784e-04,2.6130008086e-04,2.1822862361e-03,5.0733177632e-03
37.232847,2.5982197796e-04,2.6143114062e-04,2.2510273675e-03,5.3071709777e-03
37.480241,2.2500279057e-04,2.0638256204e-04,2.2407988212e-03,5.3997131986e-03
37.727636,1.6892248666e-04,1.4555756671e-04,2.2360359813e-03,4.9513864245e-03
37.975030,2.7100632783e-04,1.6344451580e-04,2.4440082003e-03,5.0783341480e-03
38.222424,4.5326673287e-04,1.6056471967e-04,2.4867842081e-03,5.3458328281e-03
38.469819,5.2085079684e-04,1.8214790326e-04,2.4162300418e-03,5.1773925932e-03
38.717213,6.9607576293e-04,1.4998128485e-04,2.3670660738e-03,4.8180452520e-03
38.964607,5.9561018987e-04,2.0501395983e-04,2.5313892653e-03,5.1790599879e-03
39.212002,5.9673834242e-04,3.1431587732e-04,2.6039110426e-03,4.7460467533e-03
39.459396,4.4364687462e-04,2.5374969443e-04,2.8208928213e-03,4.4023387533e-03
39.706790,3.4788008004e-04,2.8044145613e-04,2.7720728321e-03,4.7061327803e-03
39.954185,4.5221115430e-04,2.5006782023e-04,2.7537362538e-03,4.5008790819e-03
40.201579,4.0609134003e-04,2.0549023800e-04,2.6575911848e-03,4.7148211391e-03
40.448973,3.7824984714e-04,4.6544201048e-04,2.7104630255e-03,4.9039994870e-03
40.696368,4.4987584586e-04,4.1866765855e-04,2.5519102635e-03,4.8914781289e-03
40.943762,5.4099221079e-04,5.0475145767e-04,2.1754735452e-03,4.8492691573e-03
41.191156,5.7434832160e-04,5.9300682463e-04,2.3887709404e-03,5.1809047802e-03
41.438551,5.6544639422e-04,6.5808532521e-04,2.2459201894e-03,4.7996583608e-03
41.685945,5.7982850344e-04,5.4985988661e-04,2.3235538591e-03,5.1733657737e-03
41.933339,5.3175460662e-04,7.3122366269e-04,2.2497877838e-03,4.8725934194e-03
42.180734,4.7840956273e-04,6.7657094660e-04,2.3830724967e-03,4.9155576319e-03
42.428128,3.6498874842e-04,5.0849372217e-04,2.3977872069e-03,4.7883174146e-03
42.675522,4.1158592266e-04,5.7483816845e-04,2.2924946252e-03,4.5022001976e-03
42.922917,4.3427028058e-04,6.6493663256e-04,2.3600532357e-03,4.3897141961e-03
43.170311,4.3762790324e-04,7.1801148507e-04,2.4106708484e-03,4.3023337106e-03
43.417705,7.4638060826e-04,7.6003836347e-04,2.5069317035e-03,4.1574136135e-03
43.665100,8.2042039613e-04,8.3897286064e-04,2.2536138550e-03,4.3672643602e-03
43.912494,9.1490981974e-04,7.4496805326e-04,2.4378060858e-03,4.4336587290e-03
44.159888,8.8305030639e-04,9.0566057761e-04,2.8151789824e-03,4.4840911696e-03
44.407283,1.0217308816e-03,7.2438124309e-04,2.7693687445e-03,4.6068757143e-03
44.654677,1.2473905400e-03,7.8928562058e-04,2.6053169271e-03,4.7977989617e-03
44.902071,1.1078725344e-03,7.0685612878e-04,2.7310675008e-03,4.8291666761e-03
45.149466,1.0192784056e-03,9.0408945749e-04,2.6354521164e-03,5.4585341586e-03
45.396860,1.0924240073e-03,8.3254017008e-04,2.8320306202e-03,5.0948535504e-03
45.644254,9.7661302298e-04,6.4285451693e-04,2.9621447900e-03,5.3412774450e-03
45.891649,9.2322970844e-04,4.7489833253e-04,2.9075440534e-03,5.2427795307e-03
46.139043,7.7917840096e-04,5.1582133894e-04,2.9859612139e-03,5.5901965215e-03
46.386437,6.1581374705e-04,4.6939248734e-04,3.1483050170e-03,5.0601196070e-03
46.633832,4.3407941290e-04,3.6690331592e-04,3.1698699783e-03,4.8975755841e-03
46.881226,4.0814919834e-04,3.4281595978e-04,2.9395579751e-03,5.1958793702e-03
47.128620,3.2448128774e-04,3.6011257390e-04,2.4575558463e-03,4.9140702850e-03
47.376015,2.7382634562e-04,4.0876665374e-04,2.2199239963e-03,4.7726891682e-03
47.623409,3.7454466526e-04,4.8431964059e-04,2.2661024202e-03,4.5914840820e-03
47.870803,5.4242619103e-04,4.9757218908e-04,2.2051752584e-03,4.5289935286e-03
48.118198,5.2110090359e-04,3.8675919190e-04,2.2952379555e-03,4.9561043640e-03
48.365592,5.4664575113e-04,6.1493236828e-04,2.1920785867e-03,4.3427818750e-03
48.612986,5.4158429203e-04,7.2497673845e-04,2.1988356972e-03,4.3357885858e-03
48.860381,6.0791421521e-04,8.5545805941e-04,2.2064690690e-03,4.1467626254e-03
49.107775,5.5761157800e-04,9.9575230705e-04,2.3074360784e-03,4.0586345588e-03
49.355169,4.9074671575e-04,8.2570769743e-04,2.2902951196e-03,3.7056509128e-03
49.602564,5.5780688094e-04,8.1490323358e-04,2.6922548191e-03,3.7966618320e-03
49.849958,4.1885245909e-04,6.3240720537e-04,2.5244276554e-03,4.0567674289e-03
50.097352,4.2751969565e-04,5.4416158808e-04,2.3523540621e-03,4.2026023997e-03
50.344747,2.9813680331e-04,6.9818909658e-04,2.2117737543e-03,4.6475610821e-03
50.592141,4.7292018825e-04,7.1369454941e-04,2.0967045112e-03,4.7909087817e-03
50.839535,4.7566051685e-04,8.5056847025e-04,2.1067490934e-03,4.6106653490e-03
51.086930,4.7090826317e-04,7.5752651462e-04,2.0909987399e-03,4.7428041245e-03
51.334324,7.0797254587e-04,7.9509542030e-04,1.8289861476e-03,4.7552250736e-03
51.581718,7.2142786316e-04,8.5467398383e-04,1.7076140196e-03,5.0665851248e-03
51.829113,7.9131664345e-04,8.8740124387e-04,1.7400874181e-03,4.6326892018e-03
52.076507,8.7327572631e-04,9.3135950754e-04,1.8914163752e-03,4.4273577925e-03
52.323901,8.5405326545e-04,9.0064837190e-04,1.8823068734e-03,4.4756723680e-03
52.571296,1.0816504157e-03,7.3597836888e-04,2.0265197429e-03,4.7073760612e-03
52.818690,9.1554319354e-04,7.6219416469e-04,2.1623684072e-03,4.5731717512e-03
53.066084,8.8821884209e-04,8.6839648273e-04,2.4554432880e-03,4.6271928870e-03
53.313479,9.1955241856e-04,1.0121994980e-03,2.4107726496e-03,4.7244999044e-03
53.560873,1.1237533330e-03,1.0260374285e-03,2.9259439299e-03,4.7729366831e-03
53.808267,1.1726291173e-03,8.4024800230e-04,2.8949243246e-03,4.7247947522e-03
54.055662,1.4764110514e-03,9.0619251036e-04,2.8590193974e-03,4.9285440277e-03
54.303056,1.4453175141e-03,7.3024184116e-04,3.2172912722e-03,4.9098996232e-03
54.550450,1.5912203954e-03,8.1287869121e-04,3.4153955709e-03,5.0008122082e-03
54.797845,1.4314800571e-03,9.6603145573e-04,3.1989694839e-03,4.9809665409e-03
55.045239,1.1408480421e-03,6.7375991678e-04,3.6438576594e-03,4.7378712114e-03
55.292633,8.7793939533e-04,6.2474063784e-04,3.5899841753e-03,4.5394117842e-03
55.540028,7.2109546857e-04,5.5517162894e-04,3.6569381056e-03,4.4268674467e-03
55.787422,5.7580787336e-04,5.5259990799e-04,3.4006923032e-03,4.5515589912e-03
56.034816,5.1399462902e-04,6.1390523403e-04,3.3463268514e-03,4.3907066161e-03
56.282211,5.2358630471e-04,5.1597541689e-04,3.3156682719e-03,4.4504554432e-03
56.529605,4.3733077984e-04,6.4884978074e-04,3.1115378209e-03,4.3939340678e-03
56.776999,6.5009408860e-04,6.6993447881e-04,2.9299043886e-03,4.3032043504e-03
57.024394,5.1716179353e-04,5.6181739084e-04,3.1360680941e-03,4.2062607250e-03
57.271788,5.8291332654e-04,6.3800320695e-04,2.8905570415e-03,4.2620451942e-03
57.519182,5.6245650476e-04,5.3263627505e-04,2.8743165378e-03,4.4264783019e-03
57.766577,5.5445020896e-04,5.8746769667e-04,2.8128185838e-03,4.5488674321e-03
58.013971,6.8968348786e-04,4.5998356241e-04,3.0570701639e-03,4.4926836068e-03
58.261365,5.7352374377e-04,5.6650445713e-04,3.1745560111e-03,4.2860374799e-03
58.508760,5.2253228715e-04,5.3370682902e-04,3.2825898936e-03,4.5204817623e-03
58.756154,5.1181666052e-04,4.1586407446e-04,3.3483787790e-03,4.7293906774e-03
59.003548,4.6857560278e-04,3.8567190333e-04,3.1705660278e-03,4.3149754446e-03
59.250943,5.5648635375e-04,3.5928475021e-04,3.1049437263e-03,4.6532092062e-03
59.498337,6.2934072409e-04,3.6531749118e-04,2.9680706341e-03,4.8737697990e-03
59.745731,6.6764198020e-04,5.0050761999e-04,2.9341284612e-03,4.6748053578e-03
59.993126,7.7811973963e-04,4.5108587234e-04,2.8503161614e-03,4.8270903050e-03
60.240520,6.9775084785e-04,6.3275433817e-04,2.7076309072e-03,4.4350959656e-03
60.487914,5.3722632877e-04,7.4936812048e-04,2.5983167159e-03,4.5997104007e-03
60.735309,3.7836164574e-04,8.8140818705e-04,2.3813004477e-03,4.5324521566e-03
60.982703,4.6468905623e-04,8.1791467384e-04,2.2841594456e-03,4.4988994432e-03
61.230097,4.0650619420e-04,9.1341866562e-04,2.2105859609e-03,4.2187247511e-03
61.477492,3.6001057507e-04,9.1999669797e-04,2.2543203934e-03,3.9277197747e-03
61.724886,4.4044560644e-04,1.0453122872e-03,2.2820278834e-03,4.2276016104e-03
61.972280,5.2090955228e-04,1.0050568739e-03,2.3733655935e-03,4.1665157490e-03
62.219675,6.9582543941e-04,9.4440217752e-04,2.1145206157e-03,4.0063513092e-03
62.467069,8.8840095453e-04,9.7331420568e-04,2.0899771473e-03,3.9067695913e-03
62.714463,1.1208534285e-03,8.4747946754e-04,2.2171974304e-03,4.0687542329e-03
62.961858,1.5943285295e-03,6.3436646949e-04,2.1007218479e-03,3.9726496795e-03
63.209252,1.5123409614e-03,5.5447040127e-04,2.3250433517e-03,4.2932258290e-03
63.456646,1.4764450551e-03,4.5462315711e-04,2.2561155989e-03,4.2058151932e-03
63.704041,1.4079001048e-03,3.6281290167e-04,2.0194277187e-03,4.3548088080e-03
63.951435,1.0398778387e-03,3.5024774336e-04,1.9947471694e-03,4.3861440251e-03
64.198829,7.1120370935e-04,3.5636946346e-04,1.7694735645e-03,4.3478795790e-03
64.446224,4.4149568421e-04,3.7912801314e-04,1.6935442590e-03,4.7580679650e-03
64.693618,2.2109453794e-04,3.3322643359e-04,1.5861425370e-03,4.8212994872e-03
64.941012,9.5908134454e-05,3.5083742517e-04,1.5577714547e-03,5.1734884196e-03
65.188407,5.6784960241e-05,2.6099254451e-04,1.5403484538e-03,6.0122276780e-03
65.435801,5.6912811725e-06,1.4185284884e-04,1.2113575852e-03,6.7419756880e-03
65.683195,0.0000000000e+00,8.5341633305e-05,1.3152504478e-03,7.2048360233e-03
65.930590,0.0000000000e+00,3.4042000241e-05,1.0925284795e-03,7.2172402218e-03
66.177984,0.0000000000e+00,0.0000000000e+00,1.1737927905e-03,7.1761994297e-03
66.425378,0.0000000000e+00,0.0000000000e+00,9.6930612151e-04,6.7525387468e-03
66.672773,0.0000000000e+00,0.0000000000e+00,7.3794266087e-04,5.8136019828e-03
66.920167,0.0000000000e+00,0.0000000000e+00,5.0529298876e-04,4.9474060836e-03
67.167561,0.0000000000e+00,0.0000000000e+00,4.8777734585e-04,3.2830800740e-03
67.414956,0.0000000000e+00,0.0000000000e+00,2.7847619077e-04,1.7252293664e-03
67.662350,0.0000000000e+00,0.0000000000e+00,8.5001459175e-05,4.6314211022e-04
67.909744,0.0000000000e+00,0.0000000000e+00,3.4148766894e-05,5.0196252693e-05
68.157139,0.0000000000e+00,0.0000000000e+00,5.6792390007e-06,5.6591418371e-06
68.404533,0.0000000000e+00,0.0000000000e+00,5.6853184388e-06,0.0000000000e+00
68.651927,0.0000000000e+00,0.0000000000e+00,0.0000000000e+00,0.0000000000e+00
68.899322,0.0000000000e+00,0.0000000000e+00,0.0000000000e+00,0.0000000000e+00
69.146716,0.0000000000e+00,0.0000000000e+00,0.0000000000e+00,0.0000000000e+00
69.394110,0.0000000000e+00,0.0000000000e+00,0.0000000000e+00,0.0000000000e+00
69.641505,0.0000000000e+00,0.0000000000e+00,0.0000000000e+00,0.0000000000e+00
69.888899,0.0000000000e+00,0.0000000000e+00,0.0000000000e+00,0.0000000000e+00
70.136293,0.0000000000e+00,0.0000000000e+00,0.0000000000e+00,0.0000000000e+00
70.383688,0.0000000000e+00,0.0000000000e+00,0.0000000000e+00,0.0000000000e+00
70.631082,0.0000000000e+00,0.0000000000e+00,0.0000000000e+00,0.0000000000e+00
70.878476,0.0000000000e+00,0.0000000000e+00,0.0000000000e+00,0.0000000000e+00
71.125871,0.0000000000e+00,0.0000000000e+00,0.0000000000e+00,0.0000000000e+00
71.373265,0.0000000000e+00,0.0000000000e+00,0.0000000000e+00,0.0000000000e+00
71.620659,0.0000000000e+00,0.0000000000e+00,0.0000000000e+00,0.0000000000e+00
71.868054,0.0000000000e+00,0.0000000000e+00,0.0000000000e+00,0.0000000000e+00
72.115448,0.0000000000e+00,0.0000000000e+00,0.0000000000e+00,0.0000000000e+00
72.362842,0.0000000000e+00,0.0000000000e+00,0.0000000000e+00,0.0000000000e+00
72.610237,0.0000000000e+00,0.0000000000e+00,0.0000000000e+00,0.0000000000e+00
72.857631,0.0000000000e+00,0.0000000000e+00,0.0000000000e+00,0.0000000000e+00
73.105025,0.0000000000e+00,0.0000000000e+00,0.0000000000e+00,0.0000000000e+00
73.352420,0.0000000000e+00,0.0000000000e+00,0.0000000000e+00,0.0000000000e+00
73.599814,0.0000000000e+00,0.0000000000e+00,0.0000000000e+00,0.0000000000e+00
73.847208,0.0000000000e+00,0.0000000000e+00,0.0000000000e+00,0.0000000000e+00
74.094603,0.0000000000e+00,0.0000000000e+00,0.0000000000e+00,0.0000000000e+00
