atom_index,electrode,x_angstrom,y_angstrom,z_angstrom,q_e
0,cathode,2.316988229751587,2.316988229751587,12.638116836547852,0.02317230775952339
1,cathode,2.316988229751587,6.108423233032227,12.638116836547852,0.02428554929792881
2,cathode,2.316988229751587,9.899858474731445,12.638116836547852,0.020291948691010475
3,cathode,2.316988229751587,13.691293716430664,12.638116836547852,0.01993486098945141
4,cathode,2.316988229751587,17.482728958129883,12.638116836547852,0.018282532691955566
5,cathode,2.316988229751587,21.2741641998291,12.638116836547852,0.016705984249711037
6,cathode,2.316988229751587,25.06559944152832,12.638116836547852,0.013759779743850231
7,cathode,2.316988229751587,28.85703468322754,12.638116836547852,0.012232712469995022
8,cathode,2.316988229751587,32.648468017578125,12.638116836547852,0.013462455943226814
9,cathode,2.316988229751587,36.439903259277344,12.638116836547852,0.015878526493906975
10,cathode,2.316988229751587,40.23133850097656,12.638116836547852,0.01649349182844162
11,cathode,2.316988229751587,44.02277374267578,12.638116836547852,0.016599509865045547
12,cathode,6.108423233032227,2.316988229751587,12.638116836547852,0.019223319366574287
13,cathode,6.108423233032227,6.108423233032227,12.638116836547852,0.020848549902439117
14,cathode,6.108423233032227,9.899858474731445,12.638116836547852,0.01833776757121086
15,cathode,6.108423233032227,13.691293716430664,12.638116836547852,0.020195936784148216
16,cathode,6.108423233032227,17.482728958129883,12.638116836547852,0.01809839904308319
17,cathode,6.108423233032227,21.2741641998291,12.638116836547852,0.01618429459631443
18,cathode,6.108423233032227,25.06559944152832,12.638116836547852,0.017230957746505737
19,cathode,6.108423233032227,28.85703468322754,12.638116836547852,0.01422183308750391
20,cathode,6.108423233032227,32.648468017578125,12.638116836547852,0.014723654836416245
21,cathode,6.108423233032227,36.439903259277344,12.638116836547852,0.018061866983771324
22,cathode,6.108423233032227,40.23133850097656,12.638116836547852,0.01742333546280861
23,cathode,6.108423233032227,44.02277374267578,12.638116836547852,0.016063235700130463
24,cathode,9.899858474731445,2.316988229751587,12.638116836547852,0.017585517838597298
25,cathode,9.899858474731445,6.108423233032227,12.638116836547852,0.017481433227658272
26,cathode,9.899858474731445,9.899858474731445,12.638116836547852,0.01904153823852539
27,cathode,9.899858474731445,13.691293716430664,12.638116836547852,0.02084539271891117
28,cathode,9.899858474731445,17.482728958129883,12.638116836547852,0.017936300486326218
29,cathode,9.899858474731445,21.2741641998291,12.638116836547852,0.015610791742801666
30,cathode,9.899858474731445,25.06559944152832,12.638116836547852,0.01681670732796192
31,cathode,9.899858474731445,28.85703468322754,12.638116836547852,0.015658771619200706
32,cathode,9.899858474731445,32.648468017578125,12.638116836547852,0.015193385072052479
33,cathode,9.899858474731445,36.439903259277344,12.638116836547852,0.015163240022957325
34,cathode,9.899858474731445,40.23133850097656,12.638116836547852,0.01288126315921545
35,cathode,9.899858474731445,44.02277374267578,12.638116836547852,0.014444595202803612
36,cathode,13.691293716430664,2.316988229751587,12.638116836547852,0.016435638070106506
37,cathode,13.691293716430664,6.108423233032227,12.638116836547852,0.015372578985989094
38,cathode,13.691293716430664,9.899858474731445,12.638116836547852,0.01513663399964571
39,cathode,13.691293716430664,13.691293716430664,12.638116836547852,0.016683431342244148
40,cathode,13.691293716430664,17.482728958129883,12.638116836547852,0.016766466200351715
41,cathode,13.691293716430664,21.2741641998291,12.638116836547852,0.015500348061323166
42,cathode,13.691293716430664,25.06559944152832,12.638116836547852,0.01527048647403717
43,cathode,13.691293716430664,28.85703468322754,12.638116836547852,0.014300885610282421
44,cathode,13.691293716430664,32.648468017578125,12.638116836547852,0.017756387591362
45,cathode,13.691293716430664,36.439903259277344,12.638116836547852,0.01588091254234314
46,cathode,13.691293716430664,40.23133850097656,12.638116836547852,0.012925248593091965
47,cathode,13.691293716430664,44.02277374267578,12.638116836547852,0.013308743946254253
48,cathode,17.482728958129883,2.316988229751587,12.638116836547852,0.015786970034241676
49,cathode,17.482728958129883,6.108423233032227,12.638116836547852,0.014137457124888897
50,cathode,17.482728958129883,9.899858474731445,12.638116836547852,0.013861787505447865
51,cathode,17.482728958129883,13.691293716430664,12.638116836547852,0.01594320498406887
52,cathode,17.482728958129883,17.482728958129883,12.638116836547852,0.015898175537586212
53,cathode,17.482728958129883,21.2741641998291,12.638116836547852,0.020168155431747437
54,cathode,17.482728958129883,25.06559944152832,12.638116836547852,0.017876747995615005
55,cathode,17.482728958129883,28.85703468322754,12.638116836547852,0.01638893038034439
56,cathode,17.482728958129883,32.648468017578125,12.638116836547852,0.016700588166713715
57,cathode,17.482728958129883,36.439903259277344,12.638116836547852,0.014091242104768753
58,cathode,17.482728958129883,40.23133850097656,12.638116836547852,0.014519759453833103
59,cathode,17.482728958129883,44.02277374267578,12.638116836547852,0.014136171899735928
60,cathode,21.2741641998291,2.316988229751587,12.638116836547852,0.01568552851676941
61,cathode,21.2741641998291,6.108423233032227,12.638116836547852,0.01428985595703125
62,cathode,21.2741641998291,9.899858474731445,12.638116836547852,0.014450262300670147
63,cathode,21.2741641998291,13.691293716430664,12.638116836547852,0.01607711985707283
64,cathode,21.2741641998291,17.482728958129883,12.638116836547852,0.017967453226447105
65,cathode,21.2741641998291,21.2741641998291,12.638116836547852,0.02688378468155861
66,cathode,21.2741641998291,25.06559944152832,12.638116836547852,0.02502927929162979
67,cathode,21.2741641998291,28.85703468322754,12.638116836547852,0.01760968193411827
68,cathode,21.2741641998291,32.648468017578125,12.638116836547852,0.015651505440473557
69,cathode,21.2741641998291,36.439903259277344,12.638116836547852,0.01598603092133999
70,cathode,21.2741641998291,40.23133850097656,12.638116836547852,0.015896476805210114
71,cathode,21.2741641998291,44.02277374267578,12.638116836547852,0.014317700639367104
72,cathode,25.06559944152832,2.316988229751587,12.638116836547852,0.014866363257169724
73,cathode,25.06559944152832,6.108423233032227,12.638116836547852,0.014192458242177963
74,cathode,25.06559944152832,9.899858474731445,12.638116836547852,0.01449322048574686
75,cathode,25.06559944152832,13.691293716430664,12.638116836547852,0.01660962961614132
76,cathode,25.06559944152832,17.482728958129883,12.638116836547852,0.018536122515797615
77,cathode,25.06559944152832,21.2741641998291,12.638116836547852,0.023387614637613297
78,cathode,25.06559944152832,25.06559944152832,12.638116836547852,0.022445863112807274
79,cathode,25.06559944152832,28.85703468322754,12.638116836547852,0.017315808683633804
80,cathode,25.06559944152832,32.648468017578125,12.638116836547852,0.013176102191209793
81,cathode,25.06559944152832,36.439903259277344,12.638116836547852,0.016416361555457115
82,cathode,25.06559944152832,40.23133850097656,12.638116836547852,0.016447866335511208
83,cathode,25.06559944152832,44.02277374267578,12.638116836547852,0.016769682988524437
84,cathode,28.85703468322754,2.316988229751587,12.638116836547852,0.013933834619820118
85,cathode,28.85703468322754,6.108423233032227,12.638116836547852,0.01340352650731802
86,cathode,28.85703468322754,9.899858474731445,12.638116836547852,0.013482037000358105
87,cathode,28.85703468322754,13.691293716430664,12.638116836547852,0.015452061779797077
88,cathode,28.85703468322754,17.482728958129883,12.638116836547852,0.01681997813284397
89,cathode,28.85703468322754,21.2741641998291,12.638116836547852,0.01839989796280861
90,cathode,28.85703468322754,25.06559944152832,12.638116836547852,0.019135871902108192
91,cathode,28.85703468322754,28.85703468322754,12.638116836547852,0.01769874431192875
92,cathode,28.85703468322754,32.648468017578125,12.638116836547852,0.015643136575818062
93,cathode,28.85703468322754,36.439903259277344,12.638116836547852,0.016740260645747185
94,cathode,28.85703468322754,40.23133850097656,12.638116836547852,0.01595737785100937
95,cathode,28.85703468322754,44.02277374267578,12.638116836547852,0.017231930047273636
96,cathode,32.648468017578125,2.316988229751587,12.638116836547852,0.01311096828430891
97,cathode,32.648468017578125,6.108423233032227,12.638116836547852,0.012459193356335163
98,cathode,32.648468017578125,9.899858474731445,12.638116836547852,0.012629961594939232
99,cathode,32.648468017578125,13.691293716430664,12.638116836547852,0.014383435249328613
100,cathode,32.648468017578125,17.482728958129883,12.638116836547852,0.015435623936355114
101,cathode,32.648468017578125,21.2741641998291,12.638116836547852,0.01694893278181553
102,cathode,32.648468017578125,25.06559944152832,12.638116836547852,0.0204185601323843
103,cathode,32.648468017578125,28.85703468322754,12.638116836547852,0.02051004022359848
104,cathode,32.648468017578125,32.648468017578125,12.638116836547852,0.020233411341905594
105,cathode,32.648468017578125,36.439903259277344,12.638116836547852,0.019065113738179207
106,cathode,32.648468017578125,40.23133850097656,12.638116836547852,0.018101049587130547
107,cathode,32.648468017578125,44.02277374267578,12.638116836547852,0.018925823271274567
108,cathode,36.439903259277344,2.316988229751587,12.638116836547852,0.012744396924972534
109,cathode,36.439903259277344,6.108423233032227,12.638116836547852,0.012106606736779213
110,cathode,36.439903259277344,9.899858474731445,12.638116836547852,0.012764064595103264
111,cathode,36.439903259277344,13.691293716430664,12.638116836547852,0.01544545590877533
112,cathode,36.439903259277344,17.482728958129883,12.638116836547852,0.016490470618009567
113,cathode,36.439903259277344,21.2741641998291,12.638116836547852,0.01888388767838478
114,cathode,36.439903259277344,25.06559944152832,12.638116836547852,0.021554481238126755
115,cathode,36.439903259277344,28.85703468322754,12.638116836547852,0.02236451581120491
116,cathode,36.439903259277344,32.648468017578125,12.638116836547852,0.020802410319447517
117,cathode,36.439903259277344,36.439903259277344,12.638116836547852,0.015565168112516403
118,cathode,36.439903259277344,40.23133850097656,12.638116836547852,0.017135560512542725
119,cathode,36.439903259277344,44.02277374267578,12.638116836547852,0.019494155421853065
120,cathode,40.23133850097656,2.316988229751587,12.638116836547852,0.01265009492635727
121,cathode,40.23133850097656,6.108423233032227,12.638116836547852,0.012166867963969707
122,cathode,40.23133850097656,9.899858474731445,12.638116836547852,0.012525639496743679
123,cathode,40.23133850097656,13.691293716430664,12.638116836547852,0.0185860525816679
124,cathode,40.23133850097656,17.482728958129883,12.638116836547852,0.019541293382644653
125,cathode,40.23133850097656,21.2741641998291,12.638116836547852,0.021741462871432304
126,cathode,40.23133850097656,25.06559944152832,12.638116836547852,0.02455097995698452
127,cathode,40.23133850097656,28.85703468322754,12.638116836547852,0.0259257759898901
128,cathode,40.23133850097656,32.648468017578125,12.638116836547852,0.01842695102095604
129,cathode,40.23133850097656,36.439903259277344,12.638116836547852,0.014637612737715244
130,cathode,40.23133850097656,40.23133850097656,12.638116836547852,0.016056213527917862
131,cathode,40.23133850097656,44.02277374267578,12.638116836547852,0.017167579382658005
132,cathode,44.02277374267578,2.316988229751587,12.638116836547852,0.012637772597372532
133,cathode,44.02277374267578,6.108423233032227,12.638116836547852,0.011292819865047932
134,cathode,44.02277374267578,9.899858474731445,12.638116836547852,0.012594429776072502
135,cathode,44.02277374267578,13.691293716430664,12.638116836547852,0.015698682516813278
136,cathode,44.02277374267578,17.482728958129883,12.638116836547852,0.019019152969121933
137,cathode,44.02277374267578,21.2741641998291,12.638116836547852,0.02188112773001194
138,cathode,44.02277374267578,25.06559944152832,12.638116836547852,0.0240324717015028
139,cathode,44.02277374267578,28.85703468322754,12.638116836547852,0.02226385846734047
140,cathode,44.02277374267578,32.648468017578125,12.638116836547852,0.017911359667778015
141,cathode,44.02277374267578,36.439903259277344,12.638116836547852,0.01695236749947071
142,cathode,44.02277374267578,40.23133850097656,12.638116836547852,0.01636006310582161
143,cathode,44.02277374267578,44.02277374267578,12.638116836547852,0.016493258997797966
144,anode,2.316988229751587,2.316988229751587,71.60757446289062,-0.02123131789267063
145,anode,2.316988229751587,6.108423233032227,71.60757446289062,-0.019882777705788612
146,anode,2.316988229751587,9.899858474731445,71.60757446289062,-0.01672220416367054
147,anode,2.316988229751587,13.691293716430664,71.60757446289062,-0.01563590206205845
148,anode,2.316988229751587,17.482728958129883,71.60757446289062,-0.017394330352544785
149,anode,2.316988229751587,21.2741641998291,71.60757446289062,-0.01824694313108921
150,anode,2.316988229751587,25.06559944152832,71.60757446289062,-0.017602860927581787
151,anode,2.316988229751587,28.85703468322754,71.60757446289062,-0.016772685572504997
152,anode,2.316988229751587,32.648468017578125,71.60757446289062,-0.017688468098640442
153,anode,2.316988229751587,36.439903259277344,71.60757446289062,-0.01930135488510132
154,anode,2.316988229751587,40.23133850097656,71.60757446289062,-0.01874696835875511
155,anode,2.316988229751587,44.02277374267578,71.60757446289062,-0.01855967566370964
156,anode,6.108423233032227,2.316988229751587,71.60757446289062,-0.02200417034327984
157,anode,6.108423233032227,6.108423233032227,71.60757446289062,-0.019896049052476883
158,anode,6.108423233032227,9.899858474731445,71.60757446289062,-0.014019046910107136
159,anode,6.108423233032227,13.691293716430664,71.60757446289062,-0.011047306470572948
160,anode,6.108423233032227,17.482728958129883,71.60757446289062,-0.016641737893223763
161,anode,6.108423233032227,21.2741641998291,71.60757446289062,-0.019602956250309944
162,anode,6.108423233032227,25.06559944152832,71.60757446289062,-0.018303388729691505
163,anode,6.108423233032227,28.85703468322754,71.60757446289062,-0.016289150342345238
164,anode,6.108423233032227,32.648468017578125,71.60757446289062,-0.018717361614108086
165,anode,6.108423233032227,36.439903259277344,71.60757446289062,-0.022483300417661667
166,anode,6.108423233032227,40.23133850097656,71.60757446289062,-0.019348260015249252
167,anode,6.108423233032227,44.02277374267578,71.60757446289062,-0.018473463132977486
168,anode,9.899858474731445,2.316988229751587,71.60757446289062,-0.023584386333823204
169,anode,9.899858474731445,6.108423233032227,71.60757446289062,-0.021100429818034172
170,anode,9.899858474731445,9.899858474731445,71.60757446289062,-0.016149522736668587
171,anode,9.899858474731445,13.691293716430664,71.60757446289062,-0.015000882558524609
172,anode,9.899858474731445,17.482728958129883,71.60757446289062,-0.01742532290518284
173,anode,9.899858474731445,21.2741641998291,71.60757446289062,-0.01873207837343216
174,anode,9.899858474731445,25.06559944152832,71.60757446289062,-0.019475052133202553
175,anode,9.899858474731445,28.85703468322754,71.60757446289062,-0.016864873468875885
176,anode,9.899858474731445,32.648468017578125,71.60757446289062,-0.018510356545448303
177,anode,9.899858474731445,36.439903259277344,71.60757446289062,-0.019677624106407166
178,anode,9.899858474731445,40.23133850097656,71.60757446289062,-0.017622731626033783
179,anode,9.899858474731445,44.02277374267578,71.60757446289062,-0.017966344952583313
180,anode,13.691293716430664,2.316988229751587,71.60757446289062,-0.02629939652979374
181,anode,13.691293716430664,6.108423233032227,71.60757446289062,-0.02519802562892437
182,anode,13.691293716430664,9.899858474731445,71.60757446289062,-0.018748760223388672
183,anode,13.691293716430664,13.691293716430664,71.60757446289062,-0.016974028199911118
184,anode,13.691293716430664,17.482728958129883,71.60757446289062,-0.017695436254143715
185,anode,13.691293716430664,21.2741641998291,71.60757446289062,-0.017382804304361343
186,anode,13.691293716430664,25.06559944152832,71.60757446289062,-0.016800526529550552
187,anode,13.691293716430664,28.85703468322754,71.60757446289062,-0.017125574871897697
188,anode,13.691293716430664,32.648468017578125,71.60757446289062,-0.0178196020424366
189,anode,13.691293716430664,36.439903259277344,71.60757446289062,-0.017180901020765305
190,anode,13.691293716430664,40.23133850097656,71.60757446289062,-0.01602380909025669
191,anode,13.691293716430664,44.02277374267578,71.60757446289062,-0.017078466713428497
192,anode,17.482728958129883,2.316988229751587,71.60757446289062,-0.028745751827955246
193,anode,17.482728958129883,6.108423233032227,71.60757446289062,-0.030182667076587677
194,anode,17.482728958129883,9.899858474731445,71.60757446289062,-0.021986695006489754
195,anode,17.482728958129883,13.691293716430664,71.60757446289062,-0.018768416717648506
196,anode,17.482728958129883,17.482728958129883,71.60757446289062,-0.01767190918326378
197,anode,17.482728958129883,21.2741641998291,71.60757446289062,-0.01762205734848976
198,anode,17.482728958129883,25.06559944152832,71.60757446289062,-0.017898228019475937
199,anode,17.482728958129883,28.85703468322754,71.60757446289062,-0.018112555146217346
200,anode,17.482728958129883,32.648468017578125,71.60757446289062,-0.017457500100135803
201,anode,17.482728958129883,36.439903259277344,71.60757446289062,-0.016019156202673912
202,anode,17.482728958129883,40.23133850097656,71.60757446289062,-0.01518543902784586
203,anode,17.482728958129883,44.02277374267578,71.60757446289062,-0.016693340614438057
204,anode,21.2741641998291,2.316988229751587,71.60757446289062,-0.025683289393782616
205,anode,21.2741641998291,6.108423233032227,71.60757446289062,-0.025614671409130096
206,anode,21.2741641998291,9.899858474731445,71.60757446289062,-0.020198870450258255
207,anode,21.2741641998291,13.691293716430664,71.60757446289062,-0.016659490764141083
208,anode,21.2741641998291,17.482728958129883,71.60757446289062,-0.01778133399784565
209,anode,21.2741641998291,21.2741641998291,71.60757446289062,-0.01764996349811554
210,anode,21.2741641998291,25.06559944152832,71.60757446289062,-0.017780154943466187
211,anode,21.2741641998291,28.85703468322754,71.60757446289062,-0.01797780953347683
212,anode,21.2741641998291,32.648468017578125,71.60757446289062,-0.017232364043593407
213,anode,21.2741641998291,36.439903259277344,71.60757446289062,-0.015491125173866749
214,anode,21.2741641998291,40.23133850097656,71.60757446289062,-0.01508785504847765
215,anode,21.2741641998291,44.02277374267578,71.60757446289062,-0.016877522692084312
216,anode,25.06559944152832,2.316988229751587,71.60757446289062,-0.02366650477051735
217,anode,25.06559944152832,6.108423233032227,71.60757446289062,-0.020239105448126793
218,anode,25.06559944152832,9.899858474731445,71.60757446289062,-0.016324713826179504
219,anode,25.06559944152832,13.691293716430664,71.60757446289062,-0.015786223113536835
220,anode,25.06559944152832,17.482728958129883,71.60757446289062,-0.016788851469755173
221,anode,25.06559944152832,21.2741641998291,71.60757446289062,-0.016027141362428665
222,anode,25.06559944152832,25.06559944152832,71.60757446289062,-0.017474016174674034
223,anode,25.06559944152832,28.85703468322754,71.60757446289062,-0.02207108773291111
224,anode,25.06559944152832,32.648468017578125,71.60757446289062,-0.018566522747278214
225,anode,25.06559944152832,36.439903259277344,71.60757446289062,-0.01640099100768566
226,anode,25.06559944152832,40.23133850097656,71.60757446289062,-0.016077641397714615
227,anode,25.06559944152832,44.02277374267578,71.60757446289062,-0.017367810010910034
228,anode,28.85703468322754,2.316988229751587,71.60757446289062,-0.020531443879008293
229,anode,28.85703468322754,6.108423233032227,71.60757446289062,-0.018865365535020828
230,anode,28.85703468322754,9.899858474731445,71.60757446289062,-0.015979094430804253
231,anode,28.85703468322754,13.691293716430664,71.60757446289062,-0.013496644794940948
232,anode,28.85703468322754,17.482728958129883,71.60757446289062,-0.014535237103700638
233,anode,28.85703468322754,21.2741641998291,71.60757446289062,-0.013429972343146801
234,anode,28.85703468322754,25.06559944152832,71.60757446289062,-0.015017897821962833
235,anode,28.85703468322754,28.85703468322754,71.60757446289062,-0.019493646919727325
236,anode,28.85703468322754,32.648468017578125,71.60757446289062,-0.016867060214281082
237,anode,28.85703468322754,36.439903259277344,71.60757446289062,-0.01586764119565487
238,anode,28.85703468322754,40.23133850097656,71.60757446289062,-0.016003461554646492
239,anode,28.85703468322754,44.02277374267578,71.60757446289062,-0.016981476917862892
240,anode,32.648468017578125,2.316988229751587,71.60757446289062,-0.018847433850169182
241,anode,32.648468017578125,6.108423233032227,71.60757446289062,-0.01737137697637081
242,anode,32.648468017578125,9.899858474731445,71.60757446289062,-0.015461328439414501
243,anode,32.648468017578125,13.691293716430664,71.60757446289062,-0.012915587052702904
244,anode,32.648468017578125,17.482728958129883,71.60757446289062,-0.013074434362351894
245,anode,32.648468017578125,21.2741641998291,71.60757446289062,-0.012341382913291454
246,anode,32.648468017578125,25.06559944152832,71.60757446289062,-0.013071270659565926
247,anode,32.648468017578125,28.85703468322754,71.60757446289062,-0.013456113636493683
248,anode,32.648468017578125,32.648468017578125,71.60757446289062,-0.012546968646347523
249,anode,32.648468017578125,36.439903259277344,71.60757446289062,-0.014300166629254818
250,anode,32.648468017578125,40.23133850097656,71.60757446289062,-0.015567608177661896
251,anode,32.648468017578125,44.02277374267578,71.60757446289062,-0.016562869772315025
252,anode,36.439903259277344,2.316988229751587,71.60757446289062,-0.017089953646063805
253,anode,36.439903259277344,6.108423233032227,71.60757446289062,-0.016055379062891006
254,anode,36.439903259277344,9.899858474731445,71.60757446289062,-0.014525453560054302
255,anode,36.439903259277344,13.691293716430664,71.60757446289062,-0.012576909735798836
256,anode,36.439903259277344,17.482728958129883,71.60757446289062,-0.012761942110955715
257,anode,36.439903259277344,21.2741641998291,71.60757446289062,-0.01237507164478302
258,anode,36.439903259277344,25.06559944152832,71.60757446289062,-0.012548490427434444
259,anode,36.439903259277344,28.85703468322754,71.60757446289062,-0.012902794405817986
260,anode,36.439903259277344,32.648468017578125,71.60757446289062,-0.013794361613690853
261,anode,36.439903259277344,36.439903259277344,71.60757446289062,-0.015660082921385765
262,anode,36.439903259277344,40.23133850097656,71.60757446289062,-0.016215713694691658
263,anode,36.439903259277344,44.02277374267578,71.60757446289062,-0.016603657975792885
264,anode,40.23133850097656,2.316988229751587,71.60757446289062,-0.015897097066044807
265,anode,40.23133850097656,6.108423233032227,71.60757446289062,-0.015209232456982136
266,anode,40.23133850097656,9.899858474731445,71.60757446289062,-0.01473294012248516
267,anode,40.23133850097656,13.691293716430664,71.60757446289062,-0.014596127904951572
268,anode,40.23133850097656,17.482728958129883,71.60757446289062,-0.014064456336200237
269,anode,40.23133850097656,21.2741641998291,71.60757446289062,-0.013862342573702335
270,anode,40.23133850097656,25.06559944152832,71.60757446289062,-0.01350653450936079
271,anode,40.23133850097656,28.85703468322754,71.60757446289062,-0.013737671077251434
272,anode,40.23133850097656,32.648468017578125,71.60757446289062,-0.015469917096197605
273,anode,40.23133850097656,36.439903259277344,71.60757446289062,-0.017884712666273117
274,anode,40.23133850097656,40.23133850097656,71.60757446289062,-0.0171002559363842
275,anode,40.23133850097656,44.02277374267578,71.60757446289062,-0.016618512570858
276,anode,44.02277374267578,2.316988229751587,71.60757446289062,-0.01738957315683365
277,anode,44.02277374267578,6.108423233032227,71.60757446289062,-0.017232032492756844
278,anode,44.02277374267578,9.899858474731445,71.60757446289062,-0.016727350652217865
279,anode,44.02277374267578,13.691293716430664,71.60757446289062,-0.01653243601322174
280,anode,44.02277374267578,17.482728958129883,71.60757446289062,-0.016948983073234558
281,anode,44.02277374267578,21.2741641998291,71.60757446289062,-0.01602065935730934
282,anode,44.02277374267578,25.06559944152832,71.60757446289062,-0.015187223441898823
283,anode,44.02277374267578,28.85703468322754,71.60757446289062,-0.015095280483365059
284,anode,44.02277374267578,32.648468017578125,71.60757446289062,-0.015933651477098465
285,anode,44.02277374267578,36.439903259277344,71.60757446289062,-0.016904400661587715
286,anode,44.02277374267578,40.23133850097656,71.60757446289062,-0.01669592596590519
287,anode,44.02277374267578,44.02277374267578,71.60757446289062,-0.016246173530817032
